,0,1,2,3,4,5,6,7,8,9,10,11,12,13,14,15,16,17,18,19
0,aluminium,dunkerque,relaunch,idle,capacity,,,,,,,,,,,,,,,
1,column,power,problem,rein,global,aluminium,output,growth,,,,,,,,,,,,
2,column,china,hike,aluminium,tariff,export,boom,already,,,,,,,,,,,,
3,aluminium,can,cast,guitar,,,,,,,,,,,,,,,,
4,supermarket,ditch,mini,wine,bottle,opt,vin,tin,,,,,,,,,,,,
5,china,aluminium,output,hit,record,high,mln,tonne,,,,,,,,,,,,
6,south,see,shipping,delay,tie,cash,inventory,,,,,,,,,,,,,
7,alcoa,reverts,gas,fuel,alumina,refinery,western,australia,,,,,,,,,,,,
8,india,vedanta,profit,plummet,soft,metal,price,,,,,,,,,,,,,
9,column,base,metal,start,new,year,deplete,inventory,,,,,,,,,,,,
10,eu,concern,green,subsidy,law,top,u,priority,u,trade,,,,,,,,,,
11,column,analyst,wary,base,metal,china,recovery,rally,,,,,,,,,,,,
12,chevron,restarts,production,wheatstone,gas,plant,,,,,,,,,,,,,,
13,liberty,steel,suspends,uk,plant,due,power,price,,,,,,,,,,,,
14,breakingviews,european,gas,saving,success,hide,darker,reality,,,,,,,,,,,,
15,simandou,iron,ore,project,restart,march,guinea,say,,,,,,,,,,,,
16,potanin,say,sanction,constrain,nornickel,force,adjust,strategy,,,,,,,,,,,,
17,eu,urge,european,bank,step,funding,critical,mineral,,,,,,,,,,,,
18,concrete,one,world,harmful,material,graphene,could,change,,,,,,,,,,,,
19,creative,vandalism,kitt,way,,,,,,,,,,,,,,,,
20,diy,capacitor,leakage,tester,professional,finish,,,,,,,,,,,,,,
21,open,hardware,automatic,spin,machine,,,,,,,,,,,,,,,
22,column,dr,copper,wait,china,china,buy,copper,,,,,,,,,,,,
23,sixpack,sauvignon,could,can,wine,help,save,planet,,,,,,,,,,,,
24,plastic,bottle,deposit,return,scheme,finally,look,set,start,england,,,,,,,,,,
25,samsung,galaxy,launch,mp,camera,big,battery,,,,,,,,,,,,,
26,robotic,acrobot,ace,move,,,,,,,,,,,,,,,,
27,jony,ive,designer,iphone,ipod,design,clown,nose,british,charity,,,,,,,,,,
28,column,china,power,sector,emission,set,jump,economy,,,,,,,,,,,,
29,unfinished,business,sport,law,rulemakers,go,far,,,,,,,,,,,,,
30,get,netzero,need,make,mining,'naturepositive,,,,,,,,,,,,,,
31,waitrose,sell,wine,can,,,,,,,,,,,,,,,,
32,diy,hidden,poker,table,built,regular,ikea,din,table,,,,,,,,,,,
33,bright,idea,use,dye,refresh,wardrobe,,,,,,,,,,,,,,
34,infinitelyadjustable,ringlightlike,poise,lamp,,,,,,,,,,,,,,,,
35,kevin,daly,design,canopy,building,weling,shadow,beneath,tree,,,,,,,,,,,
36,super,slim,filament,stand,dthursday,dprinting,,,,,,,,,,,,,,
37,keiji,ashizawa,add,blue,bottle,coffee,shop,kobe,department,store,,,,,,,,,,
38,surman,weston,nestle,geometric,pool,house,garden,surrey,home,,,,,,,,,,,
39,studio,cl,creates,santiago,apartment,building,exercise,microdensity,,,,,,,,,,,,
40,stride,treglown,pletes,site,deaf,academy,exmouth,,,,,,,,,,,,,
41,caspar,schols,take,concept,lodge,step,anna,cabin,,,,,,,,,,,,
42,caspar,schols,take,concept,lodge,step,anna,cabin,,,,,,,,,,,,
43,building,ghana,aluminium,empire,leverage,resource,infrastructure,bee,major,player,global,market,,,,,,,,
44,gsl,gallery,take,disused,parisian,factory,punk,interior,,,,,,,,,,,,
45,never,exhibition,visualises,carbon,emission,mon,material,,,,,,,,,,,,,
46,aluminium,duffel,prepares,future,,,,,,,,,,,,,,,,
47,aluminium,market,hit,usd,billion,fortune,business,insight,,,,,,,,,,,,
48,global,anodic,aluminium,oxide,wafer,market,report,increase,use,aao,nanopores,protective,layer,boost,growth,,,,,
49,mazda,want,rotaryequipped,sport,car,badly,,,,,,,,,,,,,,
50,elon,musk,charge,night,sky,,,,,,,,,,,,,,,
51,homeowner,order,rip,'high,quality',gate,instal,luxury,barn,conversion,,,,,,,,,,
52,homelab,analog,telephone,exchange,,,,,,,,,,,,,,,,
53,ready,deo,cycle,,,,,,,,,,,,,,,,,
54,individual,investor,press,metal,aluminium,holding,berhad,klsepmetal,share,private,panies,control,pany,,,,,,,
55,colombia,vp,marquez,say,security,foil,assassination,attempt,,,,,,,,,,,,
56,netherlands,emerge,key,export,destination,india,amid,jump,shipment,petroleum,product,,,,,,,,,
57,metal,fiber,market,expect,grow,usd,billion,usd,billion,greyviews,,,,,,,,,,
58,next,stop,twatt,tour,britain,fantastically,filthy,placenames,,,,,,,,,,,,
59,coil,sale,€m,previous,year,,,,,,,,,,,,,,,
60,global,anodic,aluminium,oxide,wafer,market,report,sector,reach,million,cagr,,,,,,,,,
61,aluminium,composite,panel,market,surpass,usd,billion,greyviews,,,,,,,,,,,,
62,compact,leica,cine,laser,tv,projector,brings,brand,new,realm,,,,,,,,,,
63,first,look,rimowas,new,collaboration,cult,skate,brand,palace,,,,,,,,,,,
64,look,past,present,bulgari,aluminium,watch,collection,,,,,,,,,,,,,
65,single,screen,premium,aluminium,monitor,arm,stand,officeworks,,,,,,,,,,,,
66,kuusakoski,invests,m€,meet,increase,demand,pure,recycle,metal,product,,,,,,,,,,
67,german,industry,move,past,bad,energy,crunch,battle,,,,,,,,,,,,
68,analogg,layout,wireless,qmkvia,mechanical,keyboard,,,,,,,,,,,,,,
69,south,see,shipping,delay,tie,cash,inventory,,,,,,,,,,,,,
70,need,new,story,climate,rebecca,solnit,,,,,,,,,,,,,,
71,north,american,aluminium,producers,traders,supplier,directory,researchandmarkets,,,,,,,,,,,,
72,ebay,plus,weisshorn,camp,table,roll,foldable,picnic,outdoor,deliver,ozplaza,ebay,,,,,,,,
73,invest,press,metal,aluminium,holding,berhad,klsepmetal,three,year,ago,would,deliver,gain,,,,,,,
74,make,great,lord,sauron,jealous,lotr,keyboard,,,,,,,,,,,,,
75,lian,li,galahad,mm,aio,cpu,cooler,black,deliver,pc,case,gear,,,,,,,,
76,global,aluminum,extrusion,market,forecast,grow,mn,accelerate,cagr,forecast,period,,,,,,,,,
77,china,aluminium,import,fall,low,demand,,,,,,,,,,,,,,
78,quntis,screenlinear,pro,review,bright,fortable,monitor,lightbar,,,,,,,,,,,,
79,littleknown,timebomb,every,landlord,aware,,,,,,,,,,,,,,,
80,intex,excursion,pro,k,kayak,w,aluminium,oar,delivery,onepass,catch,,,,,,,,,
81,aluminium,ssd,heatsink,pc,u,deliver,rgeek,flagship,store,aliexpress,,,,,,,,,,
82,alashi,aluminium,laptop,holder,delivery,free,prime,spend,runrong,au,via,amazon,,,,,,,,
83,corsair,vengeance,gb,xgb,mhz,cl,ddr,ram,paperback,book,deliver,amazon,u,via,au,,,,,
84,ktm,adventure,revised,new,spoked,wheel,,,,,,,,,,,,,,
85,vespa,anniversario,limited,edition,celebrates,year,rabbit,unit,produce,,,,,,,,,,,
86,bar,none,shampooconditioner,bar,shampooconditioner,concentrate,woolworth,,,,,,,,,,,,,
87,wheel,india,roll,flow,form,technology,equip,cast,alloy,wheel,,,,,,,,,,
88,mercedeseq,formula,e,team,ebike,deliver,save,n,plus,bike,,,,,,,,,,
89,lenovo,thinkbook,p,g,h,gb,ddr,gb,ssd,,rtx,gb,,k,nit,dolby,vision,del,futuregear,ebay
90,china,aluminium,output,hit,record,high,million,tonne,,,,,,,,,,,,
91,project,nsx,exterior,evolution,,,,,,,,,,,,,,,,
92,global,aluminum,flatrolled,product,frp,market,forecast,grow,bn,decelerate,cagr,forecast,period,,,,,,,
93,nile,tile,young,egyptian,battle,plastic,plague,,,,,,,,,,,,,
94,bmw,series,get,idrive,update,,,,,,,,,,,,,,,
95,aerocool,aluminium,type,c,usb,charger,ac,power,outlet,ebay,plus,deliver,harris,technology,ebay,,,,,
96,moccona,barista,reserve,latte,intensity,aluminium,capsule,deliver,subscribe,save,amazon,au,,,,,,,,
97,inflation,still,threat,–,may,pay,play,safe,,,,,,,,,,,,
98,win,worth,game,accessory,roccat,,,,,,,,,,,,,,,
99,shop,chunky,colourful,furniture,youve,see,internet,,,,,,,,,,,,,
100,aluminium,dunkerque,relaunch,idle,capacity,,,,,,,,,,,,,,,
101,column,power,problem,rein,global,aluminium,output,growth,,,,,,,,,,,,
102,column,china,hike,aluminium,tariff,export,boom,already,,,,,,,,,,,,
103,aluminium,can,cast,guitar,,,,,,,,,,,,,,,,
104,supermarket,ditch,mini,wine,bottle,opt,vin,tin,,,,,,,,,,,,
105,china,aluminium,output,hit,record,high,mln,tonne,,,,,,,,,,,,
106,south,see,shipping,delay,tie,cash,inventory,,,,,,,,,,,,,
107,alcoa,reverts,gas,fuel,alumina,refinery,western,australia,,,,,,,,,,,,
108,india,vedanta,profit,plummet,soft,metal,price,,,,,,,,,,,,,
109,column,base,metal,start,new,year,deplete,inventory,,,,,,,,,,,,
110,eu,concern,green,subsidy,law,top,u,priority,u,trade,,,,,,,,,,
111,column,analyst,wary,base,metal,china,recovery,rally,,,,,,,,,,,,
112,chevron,restarts,production,wheatstone,gas,plant,,,,,,,,,,,,,,
113,liberty,steel,suspends,uk,plant,due,power,price,,,,,,,,,,,,
114,breakingviews,european,gas,saving,success,hide,darker,reality,,,,,,,,,,,,
115,simandou,iron,ore,project,restart,march,guinea,say,,,,,,,,,,,,
116,potanin,say,sanction,constrain,nornickel,force,adjust,strategy,,,,,,,,,,,,
117,eu,urge,european,bank,step,funding,critical,mineral,,,,,,,,,,,,
118,concrete,one,world,harmful,material,graphene,could,change,,,,,,,,,,,,
119,creative,vandalism,kitt,way,,,,,,,,,,,,,,,,
120,diy,capacitor,leakage,tester,professional,finish,,,,,,,,,,,,,,
121,open,hardware,automatic,spin,machine,,,,,,,,,,,,,,,
122,column,dr,copper,wait,china,china,buy,copper,,,,,,,,,,,,
123,sixpack,sauvignon,could,can,wine,help,save,planet,,,,,,,,,,,,
124,plastic,bottle,deposit,return,scheme,finally,look,set,start,england,,,,,,,,,,
125,samsung,galaxy,launch,mp,camera,big,battery,,,,,,,,,,,,,
126,robotic,acrobot,ace,move,,,,,,,,,,,,,,,,
127,jony,ive,designer,iphone,ipod,design,clown,nose,british,charity,,,,,,,,,,
128,column,china,power,sector,emission,set,jump,economy,,,,,,,,,,,,
129,unfinished,business,sport,law,rulemakers,go,far,,,,,,,,,,,,,
130,get,netzero,need,make,mining,'naturepositive,,,,,,,,,,,,,,
131,waitrose,sell,wine,can,,,,,,,,,,,,,,,,
132,diy,hidden,poker,table,built,regular,ikea,din,table,,,,,,,,,,,
133,bright,idea,use,dye,refresh,wardrobe,,,,,,,,,,,,,,
134,infinitelyadjustable,ringlightlike,poise,lamp,,,,,,,,,,,,,,,,
135,kevin,daly,design,canopy,building,weling,shadow,beneath,tree,,,,,,,,,,,
136,super,slim,filament,stand,dthursday,dprinting,,,,,,,,,,,,,,
137,keiji,ashizawa,add,blue,bottle,coffee,shop,kobe,department,store,,,,,,,,,,
138,surman,weston,nestle,geometric,pool,house,garden,surrey,home,,,,,,,,,,,
139,studio,cl,creates,santiago,apartment,building,exercise,microdensity,,,,,,,,,,,,
140,stride,treglown,pletes,site,deaf,academy,exmouth,,,,,,,,,,,,,
141,caspar,schols,take,concept,lodge,step,anna,cabin,,,,,,,,,,,,
142,caspar,schols,take,concept,lodge,step,anna,cabin,,,,,,,,,,,,
143,building,ghana,aluminium,empire,leverage,resource,infrastructure,bee,major,player,global,market,,,,,,,,
144,gsl,gallery,take,disused,parisian,factory,punk,interior,,,,,,,,,,,,
145,never,exhibition,visualises,carbon,emission,mon,material,,,,,,,,,,,,,
146,aluminium,duffel,prepares,future,,,,,,,,,,,,,,,,
147,aluminium,market,hit,usd,billion,fortune,business,insight,,,,,,,,,,,,
148,global,anodic,aluminium,oxide,wafer,market,report,increase,use,aao,nanopores,protective,layer,boost,growth,,,,,
149,mazda,want,rotaryequipped,sport,car,badly,,,,,,,,,,,,,,
150,elon,musk,charge,night,sky,,,,,,,,,,,,,,,
151,homeowner,order,rip,'high,quality',gate,instal,luxury,barn,conversion,,,,,,,,,,
152,homelab,analog,telephone,exchange,,,,,,,,,,,,,,,,
153,ready,deo,cycle,,,,,,,,,,,,,,,,,
154,individual,investor,press,metal,aluminium,holding,berhad,klsepmetal,share,private,panies,control,pany,,,,,,,
155,colombia,vp,marquez,say,security,foil,assassination,attempt,,,,,,,,,,,,
156,netherlands,emerge,key,export,destination,india,amid,jump,shipment,petroleum,product,,,,,,,,,
157,metal,fiber,market,expect,grow,usd,billion,usd,billion,greyviews,,,,,,,,,,
158,next,stop,twatt,tour,britain,fantastically,filthy,placenames,,,,,,,,,,,,
159,coil,sale,€m,previous,year,,,,,,,,,,,,,,,
160,global,anodic,aluminium,oxide,wafer,market,report,sector,reach,million,cagr,,,,,,,,,
161,aluminium,composite,panel,market,surpass,usd,billion,greyviews,,,,,,,,,,,,
162,compact,leica,cine,laser,tv,projector,brings,brand,new,realm,,,,,,,,,,
163,first,look,rimowas,new,collaboration,cult,skate,brand,palace,,,,,,,,,,,
164,look,past,present,bulgari,aluminium,watch,collection,,,,,,,,,,,,,
165,single,screen,premium,aluminium,monitor,arm,stand,officeworks,,,,,,,,,,,,
166,kuusakoski,invests,m€,meet,increase,demand,pure,recycle,metal,product,,,,,,,,,,
167,german,industry,move,past,bad,energy,crunch,battle,,,,,,,,,,,,
168,analogg,layout,wireless,qmkvia,mechanical,keyboard,,,,,,,,,,,,,,
169,south,see,shipping,delay,tie,cash,inventory,,,,,,,,,,,,,
170,need,new,story,climate,rebecca,solnit,,,,,,,,,,,,,,
171,north,american,aluminium,producers,traders,supplier,directory,researchandmarkets,,,,,,,,,,,,
172,ebay,plus,weisshorn,camp,table,roll,foldable,picnic,outdoor,deliver,ozplaza,ebay,,,,,,,,
173,invest,press,metal,aluminium,holding,berhad,klsepmetal,three,year,ago,would,deliver,gain,,,,,,,
174,make,great,lord,sauron,jealous,lotr,keyboard,,,,,,,,,,,,,
175,lian,li,galahad,mm,aio,cpu,cooler,black,deliver,pc,case,gear,,,,,,,,
176,global,aluminum,extrusion,market,forecast,grow,mn,accelerate,cagr,forecast,period,,,,,,,,,
177,china,aluminium,import,fall,low,demand,,,,,,,,,,,,,,
178,quntis,screenlinear,pro,review,bright,fortable,monitor,lightbar,,,,,,,,,,,,
179,littleknown,timebomb,every,landlord,aware,,,,,,,,,,,,,,,
180,intex,excursion,pro,k,kayak,w,aluminium,oar,delivery,onepass,catch,,,,,,,,,
181,aluminium,ssd,heatsink,pc,u,deliver,rgeek,flagship,store,aliexpress,,,,,,,,,,
182,alashi,aluminium,laptop,holder,delivery,free,prime,spend,runrong,au,via,amazon,,,,,,,,
183,corsair,vengeance,gb,xgb,mhz,cl,ddr,ram,paperback,book,deliver,amazon,u,via,au,,,,,
184,ktm,adventure,revised,new,spoked,wheel,,,,,,,,,,,,,,
185,vespa,anniversario,limited,edition,celebrates,year,rabbit,unit,produce,,,,,,,,,,,
186,bar,none,shampooconditioner,bar,shampooconditioner,concentrate,woolworth,,,,,,,,,,,,,
187,wheel,india,roll,flow,form,technology,equip,cast,alloy,wheel,,,,,,,,,,
188,mercedeseq,formula,e,team,ebike,deliver,save,n,plus,bike,,,,,,,,,,
189,lenovo,thinkbook,p,g,h,gb,ddr,gb,ssd,,rtx,gb,,k,nit,dolby,vision,del,futuregear,ebay
190,china,aluminium,output,hit,record,high,million,tonne,,,,,,,,,,,,
191,project,nsx,exterior,evolution,,,,,,,,,,,,,,,,
192,global,aluminum,flatrolled,product,frp,market,forecast,grow,bn,decelerate,cagr,forecast,period,,,,,,,
193,nile,tile,young,egyptian,battle,plastic,plague,,,,,,,,,,,,,
194,bmw,series,get,idrive,update,,,,,,,,,,,,,,,
195,aerocool,aluminium,type,c,usb,charger,ac,power,outlet,ebay,plus,deliver,harris,technology,ebay,,,,,
196,moccona,barista,reserve,latte,intensity,aluminium,capsule,deliver,subscribe,save,amazon,au,,,,,,,,
197,inflation,still,threat,–,may,pay,play,safe,,,,,,,,,,,,
198,win,worth,game,accessory,roccat,,,,,,,,,,,,,,,
199,shop,chunky,colourful,furniture,youve,see,internet,,,,,,,,,,,,,
200,aluminium,dunkerque,relaunch,idle,capacity,,,,,,,,,,,,,,,
201,column,power,problem,rein,global,aluminium,output,growth,,,,,,,,,,,,
202,column,china,hike,aluminium,tariff,export,boom,already,,,,,,,,,,,,
203,aluminium,can,cast,guitar,,,,,,,,,,,,,,,,
204,supermarket,ditch,mini,wine,bottle,opt,vin,tin,,,,,,,,,,,,
205,china,aluminium,output,hit,record,high,mln,tonne,,,,,,,,,,,,
206,south,see,shipping,delay,tie,cash,inventory,,,,,,,,,,,,,
207,alcoa,reverts,gas,fuel,alumina,refinery,western,australia,,,,,,,,,,,,
208,india,vedanta,profit,plummet,soft,metal,price,,,,,,,,,,,,,
209,column,base,metal,start,new,year,deplete,inventory,,,,,,,,,,,,
210,eu,concern,green,subsidy,law,top,u,priority,u,trade,,,,,,,,,,
211,column,analyst,wary,base,metal,china,recovery,rally,,,,,,,,,,,,
212,chevron,restarts,production,wheatstone,gas,plant,,,,,,,,,,,,,,
213,liberty,steel,suspends,uk,plant,due,power,price,,,,,,,,,,,,
214,breakingviews,european,gas,saving,success,hide,darker,reality,,,,,,,,,,,,
215,simandou,iron,ore,project,restart,march,guinea,say,,,,,,,,,,,,
216,potanin,say,sanction,constrain,nornickel,force,adjust,strategy,,,,,,,,,,,,
217,eu,urge,european,bank,step,funding,critical,mineral,,,,,,,,,,,,
218,concrete,one,world,harmful,material,graphene,could,change,,,,,,,,,,,,
219,creative,vandalism,kitt,way,,,,,,,,,,,,,,,,
220,diy,capacitor,leakage,tester,professional,finish,,,,,,,,,,,,,,
221,open,hardware,automatic,spin,machine,,,,,,,,,,,,,,,
222,column,dr,copper,wait,china,china,buy,copper,,,,,,,,,,,,
223,sixpack,sauvignon,could,can,wine,help,save,planet,,,,,,,,,,,,
224,plastic,bottle,deposit,return,scheme,finally,look,set,start,england,,,,,,,,,,
225,samsung,galaxy,launch,mp,camera,big,battery,,,,,,,,,,,,,
226,robotic,acrobot,ace,move,,,,,,,,,,,,,,,,
227,jony,ive,designer,iphone,ipod,design,clown,nose,british,charity,,,,,,,,,,
228,column,china,power,sector,emission,set,jump,economy,,,,,,,,,,,,
229,unfinished,business,sport,law,rulemakers,go,far,,,,,,,,,,,,,
230,get,netzero,need,make,mining,'naturepositive,,,,,,,,,,,,,,
231,waitrose,sell,wine,can,,,,,,,,,,,,,,,,
232,diy,hidden,poker,table,built,regular,ikea,din,table,,,,,,,,,,,
233,bright,idea,use,dye,refresh,wardrobe,,,,,,,,,,,,,,
234,infinitelyadjustable,ringlightlike,poise,lamp,,,,,,,,,,,,,,,,
235,kevin,daly,design,canopy,building,weling,shadow,beneath,tree,,,,,,,,,,,
236,super,slim,filament,stand,dthursday,dprinting,,,,,,,,,,,,,,
237,keiji,ashizawa,add,blue,bottle,coffee,shop,kobe,department,store,,,,,,,,,,
238,surman,weston,nestle,geometric,pool,house,garden,surrey,home,,,,,,,,,,,
239,studio,cl,creates,santiago,apartment,building,exercise,microdensity,,,,,,,,,,,,
240,stride,treglown,pletes,site,deaf,academy,exmouth,,,,,,,,,,,,,
241,caspar,schols,take,concept,lodge,step,anna,cabin,,,,,,,,,,,,
242,caspar,schols,take,concept,lodge,step,anna,cabin,,,,,,,,,,,,
243,building,ghana,aluminium,empire,leverage,resource,infrastructure,bee,major,player,global,market,,,,,,,,
244,gsl,gallery,take,disused,parisian,factory,punk,interior,,,,,,,,,,,,
245,never,exhibition,visualises,carbon,emission,mon,material,,,,,,,,,,,,,
246,aluminium,duffel,prepares,future,,,,,,,,,,,,,,,,
247,aluminium,market,hit,usd,billion,fortune,business,insight,,,,,,,,,,,,
248,global,anodic,aluminium,oxide,wafer,market,report,increase,use,aao,nanopores,protective,layer,boost,growth,,,,,
249,mazda,want,rotaryequipped,sport,car,badly,,,,,,,,,,,,,,
250,elon,musk,charge,night,sky,,,,,,,,,,,,,,,
251,homeowner,order,rip,'high,quality',gate,instal,luxury,barn,conversion,,,,,,,,,,
252,homelab,analog,telephone,exchange,,,,,,,,,,,,,,,,
253,ready,deo,cycle,,,,,,,,,,,,,,,,,
254,individual,investor,press,metal,aluminium,holding,berhad,klsepmetal,share,private,panies,control,pany,,,,,,,
255,colombia,vp,marquez,say,security,foil,assassination,attempt,,,,,,,,,,,,
256,netherlands,emerge,key,export,destination,india,amid,jump,shipment,petroleum,product,,,,,,,,,
257,metal,fiber,market,expect,grow,usd,billion,usd,billion,greyviews,,,,,,,,,,
258,next,stop,twatt,tour,britain,fantastically,filthy,placenames,,,,,,,,,,,,
259,coil,sale,€m,previous,year,,,,,,,,,,,,,,,
260,global,anodic,aluminium,oxide,wafer,market,report,sector,reach,million,cagr,,,,,,,,,
261,aluminium,composite,panel,market,surpass,usd,billion,greyviews,,,,,,,,,,,,
262,compact,leica,cine,laser,tv,projector,brings,brand,new,realm,,,,,,,,,,
263,first,look,rimowas,new,collaboration,cult,skate,brand,palace,,,,,,,,,,,
264,look,past,present,bulgari,aluminium,watch,collection,,,,,,,,,,,,,
265,single,screen,premium,aluminium,monitor,arm,stand,officeworks,,,,,,,,,,,,
266,kuusakoski,invests,m€,meet,increase,demand,pure,recycle,metal,product,,,,,,,,,,
267,german,industry,move,past,bad,energy,crunch,battle,,,,,,,,,,,,
268,analogg,layout,wireless,qmkvia,mechanical,keyboard,,,,,,,,,,,,,,
269,south,see,shipping,delay,tie,cash,inventory,,,,,,,,,,,,,
270,need,new,story,climate,rebecca,solnit,,,,,,,,,,,,,,
271,north,american,aluminium,producers,traders,supplier,directory,researchandmarkets,,,,,,,,,,,,
272,ebay,plus,weisshorn,camp,table,roll,foldable,picnic,outdoor,deliver,ozplaza,ebay,,,,,,,,
273,invest,press,metal,aluminium,holding,berhad,klsepmetal,three,year,ago,would,deliver,gain,,,,,,,
274,make,great,lord,sauron,jealous,lotr,keyboard,,,,,,,,,,,,,
275,lian,li,galahad,mm,aio,cpu,cooler,black,deliver,pc,case,gear,,,,,,,,
276,global,aluminum,extrusion,market,forecast,grow,mn,accelerate,cagr,forecast,period,,,,,,,,,
277,china,aluminium,import,fall,low,demand,,,,,,,,,,,,,,
278,quntis,screenlinear,pro,review,bright,fortable,monitor,lightbar,,,,,,,,,,,,
279,littleknown,timebomb,every,landlord,aware,,,,,,,,,,,,,,,
280,intex,excursion,pro,k,kayak,w,aluminium,oar,delivery,onepass,catch,,,,,,,,,
281,aluminium,ssd,heatsink,pc,u,deliver,rgeek,flagship,store,aliexpress,,,,,,,,,,
282,alashi,aluminium,laptop,holder,delivery,free,prime,spend,runrong,au,via,amazon,,,,,,,,
283,corsair,vengeance,gb,xgb,mhz,cl,ddr,ram,paperback,book,deliver,amazon,u,via,au,,,,,
284,ktm,adventure,revised,new,spoked,wheel,,,,,,,,,,,,,,
285,vespa,anniversario,limited,edition,celebrates,year,rabbit,unit,produce,,,,,,,,,,,
286,bar,none,shampooconditioner,bar,shampooconditioner,concentrate,woolworth,,,,,,,,,,,,,
287,wheel,india,roll,flow,form,technology,equip,cast,alloy,wheel,,,,,,,,,,
288,mercedeseq,formula,e,team,ebike,deliver,save,n,plus,bike,,,,,,,,,,
289,lenovo,thinkbook,p,g,h,gb,ddr,gb,ssd,,rtx,gb,,k,nit,dolby,vision,del,futuregear,ebay
290,china,aluminium,output,hit,record,high,million,tonne,,,,,,,,,,,,
291,project,nsx,exterior,evolution,,,,,,,,,,,,,,,,
292,global,aluminum,flatrolled,product,frp,market,forecast,grow,bn,decelerate,cagr,forecast,period,,,,,,,
293,nile,tile,young,egyptian,battle,plastic,plague,,,,,,,,,,,,,
294,bmw,series,get,idrive,update,,,,,,,,,,,,,,,
295,aerocool,aluminium,type,c,usb,charger,ac,power,outlet,ebay,plus,deliver,harris,technology,ebay,,,,,
296,moccona,barista,reserve,latte,intensity,aluminium,capsule,deliver,subscribe,save,amazon,au,,,,,,,,
297,inflation,still,threat,–,may,pay,play,safe,,,,,,,,,,,,
298,win,worth,game,accessory,roccat,,,,,,,,,,,,,,,
299,shop,chunky,colourful,furniture,youve,see,internet,,,,,,,,,,,,,
300,aluminium,dunkerque,relaunch,idle,capacity,,,,,,,,,,,,,,,
301,column,power,problem,rein,global,aluminium,output,growth,,,,,,,,,,,,
302,column,china,hike,aluminium,tariff,export,boom,already,,,,,,,,,,,,
303,aluminium,can,cast,guitar,,,,,,,,,,,,,,,,
304,supermarket,ditch,mini,wine,bottle,opt,vin,tin,,,,,,,,,,,,
305,china,aluminium,output,hit,record,high,mln,tonne,,,,,,,,,,,,
306,south,see,shipping,delay,tie,cash,inventory,,,,,,,,,,,,,
307,alcoa,reverts,gas,fuel,alumina,refinery,western,australia,,,,,,,,,,,,
308,india,vedanta,profit,plummet,soft,metal,price,,,,,,,,,,,,,
309,column,base,metal,start,new,year,deplete,inventory,,,,,,,,,,,,
310,eu,concern,green,subsidy,law,top,u,priority,u,trade,,,,,,,,,,
311,column,analyst,wary,base,metal,china,recovery,rally,,,,,,,,,,,,
312,chevron,restarts,production,wheatstone,gas,plant,,,,,,,,,,,,,,
313,liberty,steel,suspends,uk,plant,due,power,price,,,,,,,,,,,,
314,breakingviews,european,gas,saving,success,hide,darker,reality,,,,,,,,,,,,
315,simandou,iron,ore,project,restart,march,guinea,say,,,,,,,,,,,,
316,potanin,say,sanction,constrain,nornickel,force,adjust,strategy,,,,,,,,,,,,
317,eu,urge,european,bank,step,funding,critical,mineral,,,,,,,,,,,,
318,concrete,one,world,harmful,material,graphene,could,change,,,,,,,,,,,,
319,creative,vandalism,kitt,way,,,,,,,,,,,,,,,,
320,diy,capacitor,leakage,tester,professional,finish,,,,,,,,,,,,,,
321,open,hardware,automatic,spin,machine,,,,,,,,,,,,,,,
322,column,dr,copper,wait,china,china,buy,copper,,,,,,,,,,,,
323,sixpack,sauvignon,could,can,wine,help,save,planet,,,,,,,,,,,,
324,plastic,bottle,deposit,return,scheme,finally,look,set,start,england,,,,,,,,,,
325,samsung,galaxy,launch,mp,camera,big,battery,,,,,,,,,,,,,
326,robotic,acrobot,ace,move,,,,,,,,,,,,,,,,
327,jony,ive,designer,iphone,ipod,design,clown,nose,british,charity,,,,,,,,,,
328,column,china,power,sector,emission,set,jump,economy,,,,,,,,,,,,
329,unfinished,business,sport,law,rulemakers,go,far,,,,,,,,,,,,,
330,get,netzero,need,make,mining,'naturepositive,,,,,,,,,,,,,,
331,waitrose,sell,wine,can,,,,,,,,,,,,,,,,
332,diy,hidden,poker,table,built,regular,ikea,din,table,,,,,,,,,,,
333,bright,idea,use,dye,refresh,wardrobe,,,,,,,,,,,,,,
334,infinitelyadjustable,ringlightlike,poise,lamp,,,,,,,,,,,,,,,,
335,kevin,daly,design,canopy,building,weling,shadow,beneath,tree,,,,,,,,,,,
336,super,slim,filament,stand,dthursday,dprinting,,,,,,,,,,,,,,
337,keiji,ashizawa,add,blue,bottle,coffee,shop,kobe,department,store,,,,,,,,,,
338,surman,weston,nestle,geometric,pool,house,garden,surrey,home,,,,,,,,,,,
339,studio,cl,creates,santiago,apartment,building,exercise,microdensity,,,,,,,,,,,,
340,stride,treglown,pletes,site,deaf,academy,exmouth,,,,,,,,,,,,,
341,caspar,schols,take,concept,lodge,step,anna,cabin,,,,,,,,,,,,
342,caspar,schols,take,concept,lodge,step,anna,cabin,,,,,,,,,,,,
343,building,ghana,aluminium,empire,leverage,resource,infrastructure,bee,major,player,global,market,,,,,,,,
344,gsl,gallery,take,disused,parisian,factory,punk,interior,,,,,,,,,,,,
345,never,exhibition,visualises,carbon,emission,mon,material,,,,,,,,,,,,,
346,aluminium,duffel,prepares,future,,,,,,,,,,,,,,,,
347,aluminium,market,hit,usd,billion,fortune,business,insight,,,,,,,,,,,,
348,global,anodic,aluminium,oxide,wafer,market,report,increase,use,aao,nanopores,protective,layer,boost,growth,,,,,
349,mazda,want,rotaryequipped,sport,car,badly,,,,,,,,,,,,,,
350,elon,musk,charge,night,sky,,,,,,,,,,,,,,,
351,homeowner,order,rip,'high,quality',gate,instal,luxury,barn,conversion,,,,,,,,,,
352,homelab,analog,telephone,exchange,,,,,,,,,,,,,,,,
353,ready,deo,cycle,,,,,,,,,,,,,,,,,
354,individual,investor,press,metal,aluminium,holding,berhad,klsepmetal,share,private,panies,control,pany,,,,,,,
355,colombia,vp,marquez,say,security,foil,assassination,attempt,,,,,,,,,,,,
356,netherlands,emerge,key,export,destination,india,amid,jump,shipment,petroleum,product,,,,,,,,,
357,metal,fiber,market,expect,grow,usd,billion,usd,billion,greyviews,,,,,,,,,,
358,next,stop,twatt,tour,britain,fantastically,filthy,placenames,,,,,,,,,,,,
359,coil,sale,€m,previous,year,,,,,,,,,,,,,,,
360,global,anodic,aluminium,oxide,wafer,market,report,sector,reach,million,cagr,,,,,,,,,
361,aluminium,composite,panel,market,surpass,usd,billion,greyviews,,,,,,,,,,,,
362,compact,leica,cine,laser,tv,projector,brings,brand,new,realm,,,,,,,,,,
363,first,look,rimowas,new,collaboration,cult,skate,brand,palace,,,,,,,,,,,
364,look,past,present,bulgari,aluminium,watch,collection,,,,,,,,,,,,,
365,single,screen,premium,aluminium,monitor,arm,stand,officeworks,,,,,,,,,,,,
366,kuusakoski,invests,m€,meet,increase,demand,pure,recycle,metal,product,,,,,,,,,,
367,german,industry,move,past,bad,energy,crunch,battle,,,,,,,,,,,,
368,analogg,layout,wireless,qmkvia,mechanical,keyboard,,,,,,,,,,,,,,
369,south,see,shipping,delay,tie,cash,inventory,,,,,,,,,,,,,
370,need,new,story,climate,rebecca,solnit,,,,,,,,,,,,,,
371,north,american,aluminium,producers,traders,supplier,directory,researchandmarkets,,,,,,,,,,,,
372,ebay,plus,weisshorn,camp,table,roll,foldable,picnic,outdoor,deliver,ozplaza,ebay,,,,,,,,
373,invest,press,metal,aluminium,holding,berhad,klsepmetal,three,year,ago,would,deliver,gain,,,,,,,
374,make,great,lord,sauron,jealous,lotr,keyboard,,,,,,,,,,,,,
375,lian,li,galahad,mm,aio,cpu,cooler,black,deliver,pc,case,gear,,,,,,,,
376,global,aluminum,extrusion,market,forecast,grow,mn,accelerate,cagr,forecast,period,,,,,,,,,
377,china,aluminium,import,fall,low,demand,,,,,,,,,,,,,,
378,quntis,screenlinear,pro,review,bright,fortable,monitor,lightbar,,,,,,,,,,,,
379,littleknown,timebomb,every,landlord,aware,,,,,,,,,,,,,,,
380,intex,excursion,pro,k,kayak,w,aluminium,oar,delivery,onepass,catch,,,,,,,,,
381,aluminium,ssd,heatsink,pc,u,deliver,rgeek,flagship,store,aliexpress,,,,,,,,,,
382,alashi,aluminium,laptop,holder,delivery,free,prime,spend,runrong,au,via,amazon,,,,,,,,
383,corsair,vengeance,gb,xgb,mhz,cl,ddr,ram,paperback,book,deliver,amazon,u,via,au,,,,,
384,ktm,adventure,revised,new,spoked,wheel,,,,,,,,,,,,,,
385,vespa,anniversario,limited,edition,celebrates,year,rabbit,unit,produce,,,,,,,,,,,
386,bar,none,shampooconditioner,bar,shampooconditioner,concentrate,woolworth,,,,,,,,,,,,,
387,wheel,india,roll,flow,form,technology,equip,cast,alloy,wheel,,,,,,,,,,
388,mercedeseq,formula,e,team,ebike,deliver,save,n,plus,bike,,,,,,,,,,
389,lenovo,thinkbook,p,g,h,gb,ddr,gb,ssd,,rtx,gb,,k,nit,dolby,vision,del,futuregear,ebay
390,china,aluminium,output,hit,record,high,million,tonne,,,,,,,,,,,,
391,project,nsx,exterior,evolution,,,,,,,,,,,,,,,,
392,global,aluminum,flatrolled,product,frp,market,forecast,grow,bn,decelerate,cagr,forecast,period,,,,,,,
393,nile,tile,young,egyptian,battle,plastic,plague,,,,,,,,,,,,,
394,bmw,series,get,idrive,update,,,,,,,,,,,,,,,
395,aerocool,aluminium,type,c,usb,charger,ac,power,outlet,ebay,plus,deliver,harris,technology,ebay,,,,,
396,moccona,barista,reserve,latte,intensity,aluminium,capsule,deliver,subscribe,save,amazon,au,,,,,,,,
397,inflation,still,threat,–,may,pay,play,safe,,,,,,,,,,,,
398,win,worth,game,accessory,roccat,,,,,,,,,,,,,,,
399,shop,chunky,colourful,furniture,youve,see,internet,,,,,,,,,,,,,
400,aluminium,dunkerque,relaunch,idle,capacity,,,,,,,,,,,,,,,
401,column,power,problem,rein,global,aluminium,output,growth,,,,,,,,,,,,
402,column,china,hike,aluminium,tariff,export,boom,already,,,,,,,,,,,,
403,aluminium,can,cast,guitar,,,,,,,,,,,,,,,,
404,supermarket,ditch,mini,wine,bottle,opt,vin,tin,,,,,,,,,,,,
405,china,aluminium,output,hit,record,high,mln,tonne,,,,,,,,,,,,
406,south,see,shipping,delay,tie,cash,inventory,,,,,,,,,,,,,
407,alcoa,reverts,gas,fuel,alumina,refinery,western,australia,,,,,,,,,,,,
408,india,vedanta,profit,plummet,soft,metal,price,,,,,,,,,,,,,
409,column,base,metal,start,new,year,deplete,inventory,,,,,,,,,,,,
410,eu,concern,green,subsidy,law,top,u,priority,u,trade,,,,,,,,,,
411,column,analyst,wary,base,metal,china,recovery,rally,,,,,,,,,,,,
412,chevron,restarts,production,wheatstone,gas,plant,,,,,,,,,,,,,,
413,liberty,steel,suspends,uk,plant,due,power,price,,,,,,,,,,,,
414,breakingviews,european,gas,saving,success,hide,darker,reality,,,,,,,,,,,,
415,simandou,iron,ore,project,restart,march,guinea,say,,,,,,,,,,,,
416,potanin,say,sanction,constrain,nornickel,force,adjust,strategy,,,,,,,,,,,,
417,eu,urge,european,bank,step,funding,critical,mineral,,,,,,,,,,,,
418,concrete,one,world,harmful,material,graphene,could,change,,,,,,,,,,,,
419,creative,vandalism,kitt,way,,,,,,,,,,,,,,,,
420,diy,capacitor,leakage,tester,professional,finish,,,,,,,,,,,,,,
421,open,hardware,automatic,spin,machine,,,,,,,,,,,,,,,
422,column,dr,copper,wait,china,china,buy,copper,,,,,,,,,,,,
423,sixpack,sauvignon,could,can,wine,help,save,planet,,,,,,,,,,,,
424,plastic,bottle,deposit,return,scheme,finally,look,set,start,england,,,,,,,,,,
425,samsung,galaxy,launch,mp,camera,big,battery,,,,,,,,,,,,,
426,robotic,acrobot,ace,move,,,,,,,,,,,,,,,,
427,jony,ive,designer,iphone,ipod,design,clown,nose,british,charity,,,,,,,,,,
428,column,china,power,sector,emission,set,jump,economy,,,,,,,,,,,,
429,unfinished,business,sport,law,rulemakers,go,far,,,,,,,,,,,,,
430,get,netzero,need,make,mining,'naturepositive,,,,,,,,,,,,,,
431,waitrose,sell,wine,can,,,,,,,,,,,,,,,,
432,diy,hidden,poker,table,built,regular,ikea,din,table,,,,,,,,,,,
433,bright,idea,use,dye,refresh,wardrobe,,,,,,,,,,,,,,
434,infinitelyadjustable,ringlightlike,poise,lamp,,,,,,,,,,,,,,,,
435,kevin,daly,design,canopy,building,weling,shadow,beneath,tree,,,,,,,,,,,
436,super,slim,filament,stand,dthursday,dprinting,,,,,,,,,,,,,,
437,keiji,ashizawa,add,blue,bottle,coffee,shop,kobe,department,store,,,,,,,,,,
438,surman,weston,nestle,geometric,pool,house,garden,surrey,home,,,,,,,,,,,
439,studio,cl,creates,santiago,apartment,building,exercise,microdensity,,,,,,,,,,,,
440,stride,treglown,pletes,site,deaf,academy,exmouth,,,,,,,,,,,,,
441,caspar,schols,take,concept,lodge,step,anna,cabin,,,,,,,,,,,,
442,caspar,schols,take,concept,lodge,step,anna,cabin,,,,,,,,,,,,
443,building,ghana,aluminium,empire,leverage,resource,infrastructure,bee,major,player,global,market,,,,,,,,
444,gsl,gallery,take,disused,parisian,factory,punk,interior,,,,,,,,,,,,
445,never,exhibition,visualises,carbon,emission,mon,material,,,,,,,,,,,,,
446,aluminium,duffel,prepares,future,,,,,,,,,,,,,,,,
447,aluminium,market,hit,usd,billion,fortune,business,insight,,,,,,,,,,,,
448,global,anodic,aluminium,oxide,wafer,market,report,increase,use,aao,nanopores,protective,layer,boost,growth,,,,,
449,mazda,want,rotaryequipped,sport,car,badly,,,,,,,,,,,,,,
450,elon,musk,charge,night,sky,,,,,,,,,,,,,,,
451,homeowner,order,rip,'high,quality',gate,instal,luxury,barn,conversion,,,,,,,,,,
452,homelab,analog,telephone,exchange,,,,,,,,,,,,,,,,
453,ready,deo,cycle,,,,,,,,,,,,,,,,,
454,individual,investor,press,metal,aluminium,holding,berhad,klsepmetal,share,private,panies,control,pany,,,,,,,
455,colombia,vp,marquez,say,security,foil,assassination,attempt,,,,,,,,,,,,
456,netherlands,emerge,key,export,destination,india,amid,jump,shipment,petroleum,product,,,,,,,,,
457,metal,fiber,market,expect,grow,usd,billion,usd,billion,greyviews,,,,,,,,,,
458,next,stop,twatt,tour,britain,fantastically,filthy,placenames,,,,,,,,,,,,
459,coil,sale,€m,previous,year,,,,,,,,,,,,,,,
460,global,anodic,aluminium,oxide,wafer,market,report,sector,reach,million,cagr,,,,,,,,,
461,aluminium,composite,panel,market,surpass,usd,billion,greyviews,,,,,,,,,,,,
462,compact,leica,cine,laser,tv,projector,brings,brand,new,realm,,,,,,,,,,
463,first,look,rimowas,new,collaboration,cult,skate,brand,palace,,,,,,,,,,,
464,look,past,present,bulgari,aluminium,watch,collection,,,,,,,,,,,,,
465,single,screen,premium,aluminium,monitor,arm,stand,officeworks,,,,,,,,,,,,
466,kuusakoski,invests,m€,meet,increase,demand,pure,recycle,metal,product,,,,,,,,,,
467,german,industry,move,past,bad,energy,crunch,battle,,,,,,,,,,,,
468,analogg,layout,wireless,qmkvia,mechanical,keyboard,,,,,,,,,,,,,,
469,south,see,shipping,delay,tie,cash,inventory,,,,,,,,,,,,,
470,need,new,story,climate,rebecca,solnit,,,,,,,,,,,,,,
471,north,american,aluminium,producers,traders,supplier,directory,researchandmarkets,,,,,,,,,,,,
472,ebay,plus,weisshorn,camp,table,roll,foldable,picnic,outdoor,deliver,ozplaza,ebay,,,,,,,,
473,invest,press,metal,aluminium,holding,berhad,klsepmetal,three,year,ago,would,deliver,gain,,,,,,,
474,make,great,lord,sauron,jealous,lotr,keyboard,,,,,,,,,,,,,
475,lian,li,galahad,mm,aio,cpu,cooler,black,deliver,pc,case,gear,,,,,,,,
476,global,aluminum,extrusion,market,forecast,grow,mn,accelerate,cagr,forecast,period,,,,,,,,,
477,china,aluminium,import,fall,low,demand,,,,,,,,,,,,,,
478,quntis,screenlinear,pro,review,bright,fortable,monitor,lightbar,,,,,,,,,,,,
479,littleknown,timebomb,every,landlord,aware,,,,,,,,,,,,,,,
480,intex,excursion,pro,k,kayak,w,aluminium,oar,delivery,onepass,catch,,,,,,,,,
481,aluminium,ssd,heatsink,pc,u,deliver,rgeek,flagship,store,aliexpress,,,,,,,,,,
482,alashi,aluminium,laptop,holder,delivery,free,prime,spend,runrong,au,via,amazon,,,,,,,,
483,corsair,vengeance,gb,xgb,mhz,cl,ddr,ram,paperback,book,deliver,amazon,u,via,au,,,,,
484,ktm,adventure,revised,new,spoked,wheel,,,,,,,,,,,,,,
485,vespa,anniversario,limited,edition,celebrates,year,rabbit,unit,produce,,,,,,,,,,,
486,bar,none,shampooconditioner,bar,shampooconditioner,concentrate,woolworth,,,,,,,,,,,,,
487,wheel,india,roll,flow,form,technology,equip,cast,alloy,wheel,,,,,,,,,,
488,mercedeseq,formula,e,team,ebike,deliver,save,n,plus,bike,,,,,,,,,,
489,lenovo,thinkbook,p,g,h,gb,ddr,gb,ssd,,rtx,gb,,k,nit,dolby,vision,del,futuregear,ebay
490,china,aluminium,output,hit,record,high,million,tonne,,,,,,,,,,,,
491,project,nsx,exterior,evolution,,,,,,,,,,,,,,,,
492,global,aluminum,flatrolled,product,frp,market,forecast,grow,bn,decelerate,cagr,forecast,period,,,,,,,
493,nile,tile,young,egyptian,battle,plastic,plague,,,,,,,,,,,,,
494,bmw,series,get,idrive,update,,,,,,,,,,,,,,,
495,aerocool,aluminium,type,c,usb,charger,ac,power,outlet,ebay,plus,deliver,harris,technology,ebay,,,,,
496,moccona,barista,reserve,latte,intensity,aluminium,capsule,deliver,subscribe,save,amazon,au,,,,,,,,
497,inflation,still,threat,–,may,pay,play,safe,,,,,,,,,,,,
498,win,worth,game,accessory,roccat,,,,,,,,,,,,,,,
499,shop,chunky,colourful,furniture,youve,see,internet,,,,,,,,,,,,,
500,aluminium,dunkerque,relaunch,idle,capacity,,,,,,,,,,,,,,,
501,column,power,problem,rein,global,aluminium,output,growth,,,,,,,,,,,,
502,column,china,hike,aluminium,tariff,export,boom,already,,,,,,,,,,,,
503,aluminium,can,cast,guitar,,,,,,,,,,,,,,,,
504,supermarket,ditch,mini,wine,bottle,opt,vin,tin,,,,,,,,,,,,
505,china,aluminium,output,hit,record,high,mln,tonne,,,,,,,,,,,,
506,south,see,shipping,delay,tie,cash,inventory,,,,,,,,,,,,,
507,alcoa,reverts,gas,fuel,alumina,refinery,western,australia,,,,,,,,,,,,
508,india,vedanta,profit,plummet,soft,metal,price,,,,,,,,,,,,,
509,column,base,metal,start,new,year,deplete,inventory,,,,,,,,,,,,
510,eu,concern,green,subsidy,law,top,u,priority,u,trade,,,,,,,,,,
511,column,analyst,wary,base,metal,china,recovery,rally,,,,,,,,,,,,
512,chevron,restarts,production,wheatstone,gas,plant,,,,,,,,,,,,,,
513,liberty,steel,suspends,uk,plant,due,power,price,,,,,,,,,,,,
514,breakingviews,european,gas,saving,success,hide,darker,reality,,,,,,,,,,,,
515,simandou,iron,ore,project,restart,march,guinea,say,,,,,,,,,,,,
516,potanin,say,sanction,constrain,nornickel,force,adjust,strategy,,,,,,,,,,,,
517,eu,urge,european,bank,step,funding,critical,mineral,,,,,,,,,,,,
518,concrete,one,world,harmful,material,graphene,could,change,,,,,,,,,,,,
519,creative,vandalism,kitt,way,,,,,,,,,,,,,,,,
520,diy,capacitor,leakage,tester,professional,finish,,,,,,,,,,,,,,
521,open,hardware,automatic,spin,machine,,,,,,,,,,,,,,,
522,column,dr,copper,wait,china,china,buy,copper,,,,,,,,,,,,
523,sixpack,sauvignon,could,can,wine,help,save,planet,,,,,,,,,,,,
524,plastic,bottle,deposit,return,scheme,finally,look,set,start,england,,,,,,,,,,
525,samsung,galaxy,launch,mp,camera,big,battery,,,,,,,,,,,,,
526,robotic,acrobot,ace,move,,,,,,,,,,,,,,,,
527,jony,ive,designer,iphone,ipod,design,clown,nose,british,charity,,,,,,,,,,
528,column,china,power,sector,emission,set,jump,economy,,,,,,,,,,,,
529,unfinished,business,sport,law,rulemakers,go,far,,,,,,,,,,,,,
530,get,netzero,need,make,mining,'naturepositive,,,,,,,,,,,,,,
531,waitrose,sell,wine,can,,,,,,,,,,,,,,,,
532,diy,hidden,poker,table,built,regular,ikea,din,table,,,,,,,,,,,
533,bright,idea,use,dye,refresh,wardrobe,,,,,,,,,,,,,,
534,infinitelyadjustable,ringlightlike,poise,lamp,,,,,,,,,,,,,,,,
535,kevin,daly,design,canopy,building,weling,shadow,beneath,tree,,,,,,,,,,,
536,super,slim,filament,stand,dthursday,dprinting,,,,,,,,,,,,,,
537,keiji,ashizawa,add,blue,bottle,coffee,shop,kobe,department,store,,,,,,,,,,
538,surman,weston,nestle,geometric,pool,house,garden,surrey,home,,,,,,,,,,,
539,studio,cl,creates,santiago,apartment,building,exercise,microdensity,,,,,,,,,,,,
540,stride,treglown,pletes,site,deaf,academy,exmouth,,,,,,,,,,,,,
541,caspar,schols,take,concept,lodge,step,anna,cabin,,,,,,,,,,,,
542,caspar,schols,take,concept,lodge,step,anna,cabin,,,,,,,,,,,,
543,building,ghana,aluminium,empire,leverage,resource,infrastructure,bee,major,player,global,market,,,,,,,,
544,gsl,gallery,take,disused,parisian,factory,punk,interior,,,,,,,,,,,,
545,never,exhibition,visualises,carbon,emission,mon,material,,,,,,,,,,,,,
546,aluminium,duffel,prepares,future,,,,,,,,,,,,,,,,
547,aluminium,market,hit,usd,billion,fortune,business,insight,,,,,,,,,,,,
548,global,anodic,aluminium,oxide,wafer,market,report,increase,use,aao,nanopores,protective,layer,boost,growth,,,,,
549,mazda,want,rotaryequipped,sport,car,badly,,,,,,,,,,,,,,
550,elon,musk,charge,night,sky,,,,,,,,,,,,,,,
551,homeowner,order,rip,'high,quality',gate,instal,luxury,barn,conversion,,,,,,,,,,
552,homelab,analog,telephone,exchange,,,,,,,,,,,,,,,,
553,ready,deo,cycle,,,,,,,,,,,,,,,,,
554,individual,investor,press,metal,aluminium,holding,berhad,klsepmetal,share,private,panies,control,pany,,,,,,,
555,colombia,vp,marquez,say,security,foil,assassination,attempt,,,,,,,,,,,,
556,netherlands,emerge,key,export,destination,india,amid,jump,shipment,petroleum,product,,,,,,,,,
557,metal,fiber,market,expect,grow,usd,billion,usd,billion,greyviews,,,,,,,,,,
558,next,stop,twatt,tour,britain,fantastically,filthy,placenames,,,,,,,,,,,,
559,coil,sale,€m,previous,year,,,,,,,,,,,,,,,
560,global,anodic,aluminium,oxide,wafer,market,report,sector,reach,million,cagr,,,,,,,,,
561,aluminium,composite,panel,market,surpass,usd,billion,greyviews,,,,,,,,,,,,
562,compact,leica,cine,laser,tv,projector,brings,brand,new,realm,,,,,,,,,,
563,first,look,rimowas,new,collaboration,cult,skate,brand,palace,,,,,,,,,,,
564,look,past,present,bulgari,aluminium,watch,collection,,,,,,,,,,,,,
565,single,screen,premium,aluminium,monitor,arm,stand,officeworks,,,,,,,,,,,,
566,kuusakoski,invests,m€,meet,increase,demand,pure,recycle,metal,product,,,,,,,,,,
567,german,industry,move,past,bad,energy,crunch,battle,,,,,,,,,,,,
568,analogg,layout,wireless,qmkvia,mechanical,keyboard,,,,,,,,,,,,,,
569,south,see,shipping,delay,tie,cash,inventory,,,,,,,,,,,,,
570,need,new,story,climate,rebecca,solnit,,,,,,,,,,,,,,
571,north,american,aluminium,producers,traders,supplier,directory,researchandmarkets,,,,,,,,,,,,
572,ebay,plus,weisshorn,camp,table,roll,foldable,picnic,outdoor,deliver,ozplaza,ebay,,,,,,,,
573,invest,press,metal,aluminium,holding,berhad,klsepmetal,three,year,ago,would,deliver,gain,,,,,,,
574,make,great,lord,sauron,jealous,lotr,keyboard,,,,,,,,,,,,,
575,lian,li,galahad,mm,aio,cpu,cooler,black,deliver,pc,case,gear,,,,,,,,
576,global,aluminum,extrusion,market,forecast,grow,mn,accelerate,cagr,forecast,period,,,,,,,,,
577,china,aluminium,import,fall,low,demand,,,,,,,,,,,,,,
578,quntis,screenlinear,pro,review,bright,fortable,monitor,lightbar,,,,,,,,,,,,
579,littleknown,timebomb,every,landlord,aware,,,,,,,,,,,,,,,
580,intex,excursion,pro,k,kayak,w,aluminium,oar,delivery,onepass,catch,,,,,,,,,
581,aluminium,ssd,heatsink,pc,u,deliver,rgeek,flagship,store,aliexpress,,,,,,,,,,
582,alashi,aluminium,laptop,holder,delivery,free,prime,spend,runrong,au,via,amazon,,,,,,,,
583,corsair,vengeance,gb,xgb,mhz,cl,ddr,ram,paperback,book,deliver,amazon,u,via,au,,,,,
584,ktm,adventure,revised,new,spoked,wheel,,,,,,,,,,,,,,
585,vespa,anniversario,limited,edition,celebrates,year,rabbit,unit,produce,,,,,,,,,,,
586,bar,none,shampooconditioner,bar,shampooconditioner,concentrate,woolworth,,,,,,,,,,,,,
587,wheel,india,roll,flow,form,technology,equip,cast,alloy,wheel,,,,,,,,,,
588,mercedeseq,formula,e,team,ebike,deliver,save,n,plus,bike,,,,,,,,,,
589,lenovo,thinkbook,p,g,h,gb,ddr,gb,ssd,,rtx,gb,,k,nit,dolby,vision,del,futuregear,ebay
590,china,aluminium,output,hit,record,high,million,tonne,,,,,,,,,,,,
591,project,nsx,exterior,evolution,,,,,,,,,,,,,,,,
592,global,aluminum,flatrolled,product,frp,market,forecast,grow,bn,decelerate,cagr,forecast,period,,,,,,,
593,nile,tile,young,egyptian,battle,plastic,plague,,,,,,,,,,,,,
594,bmw,series,get,idrive,update,,,,,,,,,,,,,,,
595,aerocool,aluminium,type,c,usb,charger,ac,power,outlet,ebay,plus,deliver,harris,technology,ebay,,,,,
596,moccona,barista,reserve,latte,intensity,aluminium,capsule,deliver,subscribe,save,amazon,au,,,,,,,,
597,inflation,still,threat,–,may,pay,play,safe,,,,,,,,,,,,
598,win,worth,game,accessory,roccat,,,,,,,,,,,,,,,
599,shop,chunky,colourful,furniture,youve,see,internet,,,,,,,,,,,,,
600,aluminium,dunkerque,relaunch,idle,capacity,,,,,,,,,,,,,,,
601,column,power,problem,rein,global,aluminium,output,growth,,,,,,,,,,,,
602,column,china,hike,aluminium,tariff,export,boom,already,,,,,,,,,,,,
603,aluminium,can,cast,guitar,,,,,,,,,,,,,,,,
604,supermarket,ditch,mini,wine,bottle,opt,vin,tin,,,,,,,,,,,,
605,china,aluminium,output,hit,record,high,mln,tonne,,,,,,,,,,,,
606,south,see,shipping,delay,tie,cash,inventory,,,,,,,,,,,,,
607,alcoa,reverts,gas,fuel,alumina,refinery,western,australia,,,,,,,,,,,,
608,india,vedanta,profit,plummet,soft,metal,price,,,,,,,,,,,,,
609,column,base,metal,start,new,year,deplete,inventory,,,,,,,,,,,,
610,eu,concern,green,subsidy,law,top,u,priority,u,trade,,,,,,,,,,
611,column,analyst,wary,base,metal,china,recovery,rally,,,,,,,,,,,,
612,chevron,restarts,production,wheatstone,gas,plant,,,,,,,,,,,,,,
613,liberty,steel,suspends,uk,plant,due,power,price,,,,,,,,,,,,
614,breakingviews,european,gas,saving,success,hide,darker,reality,,,,,,,,,,,,
615,simandou,iron,ore,project,restart,march,guinea,say,,,,,,,,,,,,
616,potanin,say,sanction,constrain,nornickel,force,adjust,strategy,,,,,,,,,,,,
617,eu,urge,european,bank,step,funding,critical,mineral,,,,,,,,,,,,
618,concrete,one,world,harmful,material,graphene,could,change,,,,,,,,,,,,
619,creative,vandalism,kitt,way,,,,,,,,,,,,,,,,
620,diy,capacitor,leakage,tester,professional,finish,,,,,,,,,,,,,,
621,open,hardware,automatic,spin,machine,,,,,,,,,,,,,,,
622,column,dr,copper,wait,china,china,buy,copper,,,,,,,,,,,,
623,sixpack,sauvignon,could,can,wine,help,save,planet,,,,,,,,,,,,
624,plastic,bottle,deposit,return,scheme,finally,look,set,start,england,,,,,,,,,,
625,samsung,galaxy,launch,mp,camera,big,battery,,,,,,,,,,,,,
626,robotic,acrobot,ace,move,,,,,,,,,,,,,,,,
627,jony,ive,designer,iphone,ipod,design,clown,nose,british,charity,,,,,,,,,,
628,column,china,power,sector,emission,set,jump,economy,,,,,,,,,,,,
629,unfinished,business,sport,law,rulemakers,go,far,,,,,,,,,,,,,
630,get,netzero,need,make,mining,'naturepositive,,,,,,,,,,,,,,
631,waitrose,sell,wine,can,,,,,,,,,,,,,,,,
632,diy,hidden,poker,table,built,regular,ikea,din,table,,,,,,,,,,,
633,bright,idea,use,dye,refresh,wardrobe,,,,,,,,,,,,,,
634,infinitelyadjustable,ringlightlike,poise,lamp,,,,,,,,,,,,,,,,
635,kevin,daly,design,canopy,building,weling,shadow,beneath,tree,,,,,,,,,,,
636,super,slim,filament,stand,dthursday,dprinting,,,,,,,,,,,,,,
637,keiji,ashizawa,add,blue,bottle,coffee,shop,kobe,department,store,,,,,,,,,,
638,surman,weston,nestle,geometric,pool,house,garden,surrey,home,,,,,,,,,,,
639,studio,cl,creates,santiago,apartment,building,exercise,microdensity,,,,,,,,,,,,
640,stride,treglown,pletes,site,deaf,academy,exmouth,,,,,,,,,,,,,
641,caspar,schols,take,concept,lodge,step,anna,cabin,,,,,,,,,,,,
642,caspar,schols,take,concept,lodge,step,anna,cabin,,,,,,,,,,,,
643,building,ghana,aluminium,empire,leverage,resource,infrastructure,bee,major,player,global,market,,,,,,,,
644,gsl,gallery,take,disused,parisian,factory,punk,interior,,,,,,,,,,,,
645,never,exhibition,visualises,carbon,emission,mon,material,,,,,,,,,,,,,
646,aluminium,duffel,prepares,future,,,,,,,,,,,,,,,,
647,aluminium,market,hit,usd,billion,fortune,business,insight,,,,,,,,,,,,
648,global,anodic,aluminium,oxide,wafer,market,report,increase,use,aao,nanopores,protective,layer,boost,growth,,,,,
649,mazda,want,rotaryequipped,sport,car,badly,,,,,,,,,,,,,,
650,elon,musk,charge,night,sky,,,,,,,,,,,,,,,
651,homeowner,order,rip,'high,quality',gate,instal,luxury,barn,conversion,,,,,,,,,,
652,homelab,analog,telephone,exchange,,,,,,,,,,,,,,,,
653,ready,deo,cycle,,,,,,,,,,,,,,,,,
654,individual,investor,press,metal,aluminium,holding,berhad,klsepmetal,share,private,panies,control,pany,,,,,,,
655,colombia,vp,marquez,say,security,foil,assassination,attempt,,,,,,,,,,,,
656,netherlands,emerge,key,export,destination,india,amid,jump,shipment,petroleum,product,,,,,,,,,
657,metal,fiber,market,expect,grow,usd,billion,usd,billion,greyviews,,,,,,,,,,
658,next,stop,twatt,tour,britain,fantastically,filthy,placenames,,,,,,,,,,,,
659,coil,sale,€m,previous,year,,,,,,,,,,,,,,,
660,global,anodic,aluminium,oxide,wafer,market,report,sector,reach,million,cagr,,,,,,,,,
661,aluminium,composite,panel,market,surpass,usd,billion,greyviews,,,,,,,,,,,,
662,compact,leica,cine,laser,tv,projector,brings,brand,new,realm,,,,,,,,,,
663,first,look,rimowas,new,collaboration,cult,skate,brand,palace,,,,,,,,,,,
664,look,past,present,bulgari,aluminium,watch,collection,,,,,,,,,,,,,
665,single,screen,premium,aluminium,monitor,arm,stand,officeworks,,,,,,,,,,,,
666,kuusakoski,invests,m€,meet,increase,demand,pure,recycle,metal,product,,,,,,,,,,
667,german,industry,move,past,bad,energy,crunch,battle,,,,,,,,,,,,
668,analogg,layout,wireless,qmkvia,mechanical,keyboard,,,,,,,,,,,,,,
669,south,see,shipping,delay,tie,cash,inventory,,,,,,,,,,,,,
670,need,new,story,climate,rebecca,solnit,,,,,,,,,,,,,,
671,north,american,aluminium,producers,traders,supplier,directory,researchandmarkets,,,,,,,,,,,,
672,ebay,plus,weisshorn,camp,table,roll,foldable,picnic,outdoor,deliver,ozplaza,ebay,,,,,,,,
673,invest,press,metal,aluminium,holding,berhad,klsepmetal,three,year,ago,would,deliver,gain,,,,,,,
674,make,great,lord,sauron,jealous,lotr,keyboard,,,,,,,,,,,,,
675,lian,li,galahad,mm,aio,cpu,cooler,black,deliver,pc,case,gear,,,,,,,,
676,global,aluminum,extrusion,market,forecast,grow,mn,accelerate,cagr,forecast,period,,,,,,,,,
677,china,aluminium,import,fall,low,demand,,,,,,,,,,,,,,
678,quntis,screenlinear,pro,review,bright,fortable,monitor,lightbar,,,,,,,,,,,,
679,littleknown,timebomb,every,landlord,aware,,,,,,,,,,,,,,,
680,intex,excursion,pro,k,kayak,w,aluminium,oar,delivery,onepass,catch,,,,,,,,,
681,aluminium,ssd,heatsink,pc,u,deliver,rgeek,flagship,store,aliexpress,,,,,,,,,,
682,alashi,aluminium,laptop,holder,delivery,free,prime,spend,runrong,au,via,amazon,,,,,,,,
683,corsair,vengeance,gb,xgb,mhz,cl,ddr,ram,paperback,book,deliver,amazon,u,via,au,,,,,
684,ktm,adventure,revised,new,spoked,wheel,,,,,,,,,,,,,,
685,vespa,anniversario,limited,edition,celebrates,year,rabbit,unit,produce,,,,,,,,,,,
686,bar,none,shampooconditioner,bar,shampooconditioner,concentrate,woolworth,,,,,,,,,,,,,
687,wheel,india,roll,flow,form,technology,equip,cast,alloy,wheel,,,,,,,,,,
688,mercedeseq,formula,e,team,ebike,deliver,save,n,plus,bike,,,,,,,,,,
689,lenovo,thinkbook,p,g,h,gb,ddr,gb,ssd,,rtx,gb,,k,nit,dolby,vision,del,futuregear,ebay
690,china,aluminium,output,hit,record,high,million,tonne,,,,,,,,,,,,
691,project,nsx,exterior,evolution,,,,,,,,,,,,,,,,
692,global,aluminum,flatrolled,product,frp,market,forecast,grow,bn,decelerate,cagr,forecast,period,,,,,,,
693,nile,tile,young,egyptian,battle,plastic,plague,,,,,,,,,,,,,
694,bmw,series,get,idrive,update,,,,,,,,,,,,,,,
695,aerocool,aluminium,type,c,usb,charger,ac,power,outlet,ebay,plus,deliver,harris,technology,ebay,,,,,
696,moccona,barista,reserve,latte,intensity,aluminium,capsule,deliver,subscribe,save,amazon,au,,,,,,,,
697,inflation,still,threat,–,may,pay,play,safe,,,,,,,,,,,,
698,win,worth,game,accessory,roccat,,,,,,,,,,,,,,,
699,shop,chunky,colourful,furniture,youve,see,internet,,,,,,,,,,,,,
700,aluminium,dunkerque,relaunch,idle,capacity,,,,,,,,,,,,,,,
701,column,power,problem,rein,global,aluminium,output,growth,,,,,,,,,,,,
702,column,china,hike,aluminium,tariff,export,boom,already,,,,,,,,,,,,
703,aluminium,can,cast,guitar,,,,,,,,,,,,,,,,
704,supermarket,ditch,mini,wine,bottle,opt,vin,tin,,,,,,,,,,,,
705,china,aluminium,output,hit,record,high,mln,tonne,,,,,,,,,,,,
706,south,see,shipping,delay,tie,cash,inventory,,,,,,,,,,,,,
707,alcoa,reverts,gas,fuel,alumina,refinery,western,australia,,,,,,,,,,,,
708,india,vedanta,profit,plummet,soft,metal,price,,,,,,,,,,,,,
709,column,base,metal,start,new,year,deplete,inventory,,,,,,,,,,,,
710,eu,concern,green,subsidy,law,top,u,priority,u,trade,,,,,,,,,,
711,column,analyst,wary,base,metal,china,recovery,rally,,,,,,,,,,,,
712,chevron,restarts,production,wheatstone,gas,plant,,,,,,,,,,,,,,
713,liberty,steel,suspends,uk,plant,due,power,price,,,,,,,,,,,,
714,breakingviews,european,gas,saving,success,hide,darker,reality,,,,,,,,,,,,
715,simandou,iron,ore,project,restart,march,guinea,say,,,,,,,,,,,,
716,potanin,say,sanction,constrain,nornickel,force,adjust,strategy,,,,,,,,,,,,
717,eu,urge,european,bank,step,funding,critical,mineral,,,,,,,,,,,,
718,concrete,one,world,harmful,material,graphene,could,change,,,,,,,,,,,,
719,creative,vandalism,kitt,way,,,,,,,,,,,,,,,,
720,diy,capacitor,leakage,tester,professional,finish,,,,,,,,,,,,,,
721,open,hardware,automatic,spin,machine,,,,,,,,,,,,,,,
722,column,dr,copper,wait,china,china,buy,copper,,,,,,,,,,,,
723,sixpack,sauvignon,could,can,wine,help,save,planet,,,,,,,,,,,,
724,plastic,bottle,deposit,return,scheme,finally,look,set,start,england,,,,,,,,,,
725,samsung,galaxy,launch,mp,camera,big,battery,,,,,,,,,,,,,
726,robotic,acrobot,ace,move,,,,,,,,,,,,,,,,
727,jony,ive,designer,iphone,ipod,design,clown,nose,british,charity,,,,,,,,,,
728,column,china,power,sector,emission,set,jump,economy,,,,,,,,,,,,
729,unfinished,business,sport,law,rulemakers,go,far,,,,,,,,,,,,,
730,get,netzero,need,make,mining,'naturepositive,,,,,,,,,,,,,,
731,waitrose,sell,wine,can,,,,,,,,,,,,,,,,
732,diy,hidden,poker,table,built,regular,ikea,din,table,,,,,,,,,,,
733,bright,idea,use,dye,refresh,wardrobe,,,,,,,,,,,,,,
734,infinitelyadjustable,ringlightlike,poise,lamp,,,,,,,,,,,,,,,,
735,kevin,daly,design,canopy,building,weling,shadow,beneath,tree,,,,,,,,,,,
736,super,slim,filament,stand,dthursday,dprinting,,,,,,,,,,,,,,
737,keiji,ashizawa,add,blue,bottle,coffee,shop,kobe,department,store,,,,,,,,,,
738,surman,weston,nestle,geometric,pool,house,garden,surrey,home,,,,,,,,,,,
739,studio,cl,creates,santiago,apartment,building,exercise,microdensity,,,,,,,,,,,,
740,stride,treglown,pletes,site,deaf,academy,exmouth,,,,,,,,,,,,,
741,caspar,schols,take,concept,lodge,step,anna,cabin,,,,,,,,,,,,
742,caspar,schols,take,concept,lodge,step,anna,cabin,,,,,,,,,,,,
743,building,ghana,aluminium,empire,leverage,resource,infrastructure,bee,major,player,global,market,,,,,,,,
744,gsl,gallery,take,disused,parisian,factory,punk,interior,,,,,,,,,,,,
745,never,exhibition,visualises,carbon,emission,mon,material,,,,,,,,,,,,,
746,aluminium,duffel,prepares,future,,,,,,,,,,,,,,,,
747,aluminium,market,hit,usd,billion,fortune,business,insight,,,,,,,,,,,,
748,global,anodic,aluminium,oxide,wafer,market,report,increase,use,aao,nanopores,protective,layer,boost,growth,,,,,
749,mazda,want,rotaryequipped,sport,car,badly,,,,,,,,,,,,,,
750,elon,musk,charge,night,sky,,,,,,,,,,,,,,,
751,homeowner,order,rip,'high,quality',gate,instal,luxury,barn,conversion,,,,,,,,,,
752,homelab,analog,telephone,exchange,,,,,,,,,,,,,,,,
753,ready,deo,cycle,,,,,,,,,,,,,,,,,
754,individual,investor,press,metal,aluminium,holding,berhad,klsepmetal,share,private,panies,control,pany,,,,,,,
755,colombia,vp,marquez,say,security,foil,assassination,attempt,,,,,,,,,,,,
756,netherlands,emerge,key,export,destination,india,amid,jump,shipment,petroleum,product,,,,,,,,,
757,metal,fiber,market,expect,grow,usd,billion,usd,billion,greyviews,,,,,,,,,,
758,next,stop,twatt,tour,britain,fantastically,filthy,placenames,,,,,,,,,,,,
759,coil,sale,€m,previous,year,,,,,,,,,,,,,,,
760,global,anodic,aluminium,oxide,wafer,market,report,sector,reach,million,cagr,,,,,,,,,
761,aluminium,composite,panel,market,surpass,usd,billion,greyviews,,,,,,,,,,,,
762,compact,leica,cine,laser,tv,projector,brings,brand,new,realm,,,,,,,,,,
763,first,look,rimowas,new,collaboration,cult,skate,brand,palace,,,,,,,,,,,
764,look,past,present,bulgari,aluminium,watch,collection,,,,,,,,,,,,,
765,single,screen,premium,aluminium,monitor,arm,stand,officeworks,,,,,,,,,,,,
766,kuusakoski,invests,m€,meet,increase,demand,pure,recycle,metal,product,,,,,,,,,,
767,german,industry,move,past,bad,energy,crunch,battle,,,,,,,,,,,,
768,analogg,layout,wireless,qmkvia,mechanical,keyboard,,,,,,,,,,,,,,
769,south,see,shipping,delay,tie,cash,inventory,,,,,,,,,,,,,
770,need,new,story,climate,rebecca,solnit,,,,,,,,,,,,,,
771,north,american,aluminium,producers,traders,supplier,directory,researchandmarkets,,,,,,,,,,,,
772,ebay,plus,weisshorn,camp,table,roll,foldable,picnic,outdoor,deliver,ozplaza,ebay,,,,,,,,
773,invest,press,metal,aluminium,holding,berhad,klsepmetal,three,year,ago,would,deliver,gain,,,,,,,
774,make,great,lord,sauron,jealous,lotr,keyboard,,,,,,,,,,,,,
775,lian,li,galahad,mm,aio,cpu,cooler,black,deliver,pc,case,gear,,,,,,,,
776,global,aluminum,extrusion,market,forecast,grow,mn,accelerate,cagr,forecast,period,,,,,,,,,
777,china,aluminium,import,fall,low,demand,,,,,,,,,,,,,,
778,quntis,screenlinear,pro,review,bright,fortable,monitor,lightbar,,,,,,,,,,,,
779,littleknown,timebomb,every,landlord,aware,,,,,,,,,,,,,,,
780,intex,excursion,pro,k,kayak,w,aluminium,oar,delivery,onepass,catch,,,,,,,,,
781,aluminium,ssd,heatsink,pc,u,deliver,rgeek,flagship,store,aliexpress,,,,,,,,,,
782,alashi,aluminium,laptop,holder,delivery,free,prime,spend,runrong,au,via,amazon,,,,,,,,
783,corsair,vengeance,gb,xgb,mhz,cl,ddr,ram,paperback,book,deliver,amazon,u,via,au,,,,,
784,ktm,adventure,revised,new,spoked,wheel,,,,,,,,,,,,,,
785,vespa,anniversario,limited,edition,celebrates,year,rabbit,unit,produce,,,,,,,,,,,
786,bar,none,shampooconditioner,bar,shampooconditioner,concentrate,woolworth,,,,,,,,,,,,,
787,wheel,india,roll,flow,form,technology,equip,cast,alloy,wheel,,,,,,,,,,
788,mercedeseq,formula,e,team,ebike,deliver,save,n,plus,bike,,,,,,,,,,
789,lenovo,thinkbook,p,g,h,gb,ddr,gb,ssd,,rtx,gb,,k,nit,dolby,vision,del,futuregear,ebay
790,china,aluminium,output,hit,record,high,million,tonne,,,,,,,,,,,,
791,project,nsx,exterior,evolution,,,,,,,,,,,,,,,,
792,global,aluminum,flatrolled,product,frp,market,forecast,grow,bn,decelerate,cagr,forecast,period,,,,,,,
793,nile,tile,young,egyptian,battle,plastic,plague,,,,,,,,,,,,,
794,bmw,series,get,idrive,update,,,,,,,,,,,,,,,
795,aerocool,aluminium,type,c,usb,charger,ac,power,outlet,ebay,plus,deliver,harris,technology,ebay,,,,,
796,moccona,barista,reserve,latte,intensity,aluminium,capsule,deliver,subscribe,save,amazon,au,,,,,,,,
797,inflation,still,threat,–,may,pay,play,safe,,,,,,,,,,,,
798,win,worth,game,accessory,roccat,,,,,,,,,,,,,,,
799,shop,chunky,colourful,furniture,youve,see,internet,,,,,,,,,,,,,
800,aluminium,dunkerque,relaunch,idle,capacity,,,,,,,,,,,,,,,
801,column,power,problem,rein,global,aluminium,output,growth,,,,,,,,,,,,
802,column,china,hike,aluminium,tariff,export,boom,already,,,,,,,,,,,,
803,aluminium,can,cast,guitar,,,,,,,,,,,,,,,,
804,supermarket,ditch,mini,wine,bottle,opt,vin,tin,,,,,,,,,,,,
805,china,aluminium,output,hit,record,high,mln,tonne,,,,,,,,,,,,
806,south,see,shipping,delay,tie,cash,inventory,,,,,,,,,,,,,
807,alcoa,reverts,gas,fuel,alumina,refinery,western,australia,,,,,,,,,,,,
808,india,vedanta,profit,plummet,soft,metal,price,,,,,,,,,,,,,
809,column,base,metal,start,new,year,deplete,inventory,,,,,,,,,,,,
810,eu,concern,green,subsidy,law,top,u,priority,u,trade,,,,,,,,,,
811,column,analyst,wary,base,metal,china,recovery,rally,,,,,,,,,,,,
812,chevron,restarts,production,wheatstone,gas,plant,,,,,,,,,,,,,,
813,liberty,steel,suspends,uk,plant,due,power,price,,,,,,,,,,,,
814,breakingviews,european,gas,saving,success,hide,darker,reality,,,,,,,,,,,,
815,simandou,iron,ore,project,restart,march,guinea,say,,,,,,,,,,,,
816,potanin,say,sanction,constrain,nornickel,force,adjust,strategy,,,,,,,,,,,,
817,eu,urge,european,bank,step,funding,critical,mineral,,,,,,,,,,,,
818,concrete,one,world,harmful,material,graphene,could,change,,,,,,,,,,,,
819,creative,vandalism,kitt,way,,,,,,,,,,,,,,,,
820,diy,capacitor,leakage,tester,professional,finish,,,,,,,,,,,,,,
821,open,hardware,automatic,spin,machine,,,,,,,,,,,,,,,
822,column,dr,copper,wait,china,china,buy,copper,,,,,,,,,,,,
823,sixpack,sauvignon,could,can,wine,help,save,planet,,,,,,,,,,,,
824,plastic,bottle,deposit,return,scheme,finally,look,set,start,england,,,,,,,,,,
825,samsung,galaxy,launch,mp,camera,big,battery,,,,,,,,,,,,,
826,robotic,acrobot,ace,move,,,,,,,,,,,,,,,,
827,jony,ive,designer,iphone,ipod,design,clown,nose,british,charity,,,,,,,,,,
828,column,china,power,sector,emission,set,jump,economy,,,,,,,,,,,,
829,unfinished,business,sport,law,rulemakers,go,far,,,,,,,,,,,,,
830,get,netzero,need,make,mining,'naturepositive,,,,,,,,,,,,,,
831,waitrose,sell,wine,can,,,,,,,,,,,,,,,,
832,diy,hidden,poker,table,built,regular,ikea,din,table,,,,,,,,,,,
833,bright,idea,use,dye,refresh,wardrobe,,,,,,,,,,,,,,
834,infinitelyadjustable,ringlightlike,poise,lamp,,,,,,,,,,,,,,,,
835,kevin,daly,design,canopy,building,weling,shadow,beneath,tree,,,,,,,,,,,
836,super,slim,filament,stand,dthursday,dprinting,,,,,,,,,,,,,,
837,keiji,ashizawa,add,blue,bottle,coffee,shop,kobe,department,store,,,,,,,,,,
838,surman,weston,nestle,geometric,pool,house,garden,surrey,home,,,,,,,,,,,
839,studio,cl,creates,santiago,apartment,building,exercise,microdensity,,,,,,,,,,,,
840,stride,treglown,pletes,site,deaf,academy,exmouth,,,,,,,,,,,,,
841,caspar,schols,take,concept,lodge,step,anna,cabin,,,,,,,,,,,,
842,caspar,schols,take,concept,lodge,step,anna,cabin,,,,,,,,,,,,
843,building,ghana,aluminium,empire,leverage,resource,infrastructure,bee,major,player,global,market,,,,,,,,
844,gsl,gallery,take,disused,parisian,factory,punk,interior,,,,,,,,,,,,
845,never,exhibition,visualises,carbon,emission,mon,material,,,,,,,,,,,,,
846,aluminium,duffel,prepares,future,,,,,,,,,,,,,,,,
847,aluminium,market,hit,usd,billion,fortune,business,insight,,,,,,,,,,,,
848,global,anodic,aluminium,oxide,wafer,market,report,increase,use,aao,nanopores,protective,layer,boost,growth,,,,,
849,mazda,want,rotaryequipped,sport,car,badly,,,,,,,,,,,,,,
850,elon,musk,charge,night,sky,,,,,,,,,,,,,,,
851,homeowner,order,rip,'high,quality',gate,instal,luxury,barn,conversion,,,,,,,,,,
852,homelab,analog,telephone,exchange,,,,,,,,,,,,,,,,
853,ready,deo,cycle,,,,,,,,,,,,,,,,,
854,individual,investor,press,metal,aluminium,holding,berhad,klsepmetal,share,private,panies,control,pany,,,,,,,
855,colombia,vp,marquez,say,security,foil,assassination,attempt,,,,,,,,,,,,
856,netherlands,emerge,key,export,destination,india,amid,jump,shipment,petroleum,product,,,,,,,,,
857,metal,fiber,market,expect,grow,usd,billion,usd,billion,greyviews,,,,,,,,,,
858,next,stop,twatt,tour,britain,fantastically,filthy,placenames,,,,,,,,,,,,
859,coil,sale,€m,previous,year,,,,,,,,,,,,,,,
860,global,anodic,aluminium,oxide,wafer,market,report,sector,reach,million,cagr,,,,,,,,,
861,aluminium,composite,panel,market,surpass,usd,billion,greyviews,,,,,,,,,,,,
862,compact,leica,cine,laser,tv,projector,brings,brand,new,realm,,,,,,,,,,
863,first,look,rimowas,new,collaboration,cult,skate,brand,palace,,,,,,,,,,,
864,look,past,present,bulgari,aluminium,watch,collection,,,,,,,,,,,,,
865,single,screen,premium,aluminium,monitor,arm,stand,officeworks,,,,,,,,,,,,
866,kuusakoski,invests,m€,meet,increase,demand,pure,recycle,metal,product,,,,,,,,,,
867,german,industry,move,past,bad,energy,crunch,battle,,,,,,,,,,,,
868,analogg,layout,wireless,qmkvia,mechanical,keyboard,,,,,,,,,,,,,,
869,south,see,shipping,delay,tie,cash,inventory,,,,,,,,,,,,,
870,need,new,story,climate,rebecca,solnit,,,,,,,,,,,,,,
871,north,american,aluminium,producers,traders,supplier,directory,researchandmarkets,,,,,,,,,,,,
872,ebay,plus,weisshorn,camp,table,roll,foldable,picnic,outdoor,deliver,ozplaza,ebay,,,,,,,,
873,invest,press,metal,aluminium,holding,berhad,klsepmetal,three,year,ago,would,deliver,gain,,,,,,,
874,make,great,lord,sauron,jealous,lotr,keyboard,,,,,,,,,,,,,
875,lian,li,galahad,mm,aio,cpu,cooler,black,deliver,pc,case,gear,,,,,,,,
876,global,aluminum,extrusion,market,forecast,grow,mn,accelerate,cagr,forecast,period,,,,,,,,,
877,china,aluminium,import,fall,low,demand,,,,,,,,,,,,,,
878,quntis,screenlinear,pro,review,bright,fortable,monitor,lightbar,,,,,,,,,,,,
879,littleknown,timebomb,every,landlord,aware,,,,,,,,,,,,,,,
880,intex,excursion,pro,k,kayak,w,aluminium,oar,delivery,onepass,catch,,,,,,,,,
881,aluminium,ssd,heatsink,pc,u,deliver,rgeek,flagship,store,aliexpress,,,,,,,,,,
882,alashi,aluminium,laptop,holder,delivery,free,prime,spend,runrong,au,via,amazon,,,,,,,,
883,corsair,vengeance,gb,xgb,mhz,cl,ddr,ram,paperback,book,deliver,amazon,u,via,au,,,,,
884,ktm,adventure,revised,new,spoked,wheel,,,,,,,,,,,,,,
885,vespa,anniversario,limited,edition,celebrates,year,rabbit,unit,produce,,,,,,,,,,,
886,bar,none,shampooconditioner,bar,shampooconditioner,concentrate,woolworth,,,,,,,,,,,,,
887,wheel,india,roll,flow,form,technology,equip,cast,alloy,wheel,,,,,,,,,,
888,mercedeseq,formula,e,team,ebike,deliver,save,n,plus,bike,,,,,,,,,,
889,lenovo,thinkbook,p,g,h,gb,ddr,gb,ssd,,rtx,gb,,k,nit,dolby,vision,del,futuregear,ebay
890,china,aluminium,output,hit,record,high,million,tonne,,,,,,,,,,,,
891,project,nsx,exterior,evolution,,,,,,,,,,,,,,,,
892,global,aluminum,flatrolled,product,frp,market,forecast,grow,bn,decelerate,cagr,forecast,period,,,,,,,
893,nile,tile,young,egyptian,battle,plastic,plague,,,,,,,,,,,,,
894,bmw,series,get,idrive,update,,,,,,,,,,,,,,,
895,aerocool,aluminium,type,c,usb,charger,ac,power,outlet,ebay,plus,deliver,harris,technology,ebay,,,,,
896,moccona,barista,reserve,latte,intensity,aluminium,capsule,deliver,subscribe,save,amazon,au,,,,,,,,
897,inflation,still,threat,–,may,pay,play,safe,,,,,,,,,,,,
898,win,worth,game,accessory,roccat,,,,,,,,,,,,,,,
899,shop,chunky,colourful,furniture,youve,see,internet,,,,,,,,,,,,,
900,aluminium,dunkerque,relaunch,idle,capacity,,,,,,,,,,,,,,,
901,column,power,problem,rein,global,aluminium,output,growth,,,,,,,,,,,,
902,column,china,hike,aluminium,tariff,export,boom,already,,,,,,,,,,,,
903,aluminium,can,cast,guitar,,,,,,,,,,,,,,,,
904,supermarket,ditch,mini,wine,bottle,opt,vin,tin,,,,,,,,,,,,
905,china,aluminium,output,hit,record,high,mln,tonne,,,,,,,,,,,,
906,south,see,shipping,delay,tie,cash,inventory,,,,,,,,,,,,,
907,alcoa,reverts,gas,fuel,alumina,refinery,western,australia,,,,,,,,,,,,
908,india,vedanta,profit,plummet,soft,metal,price,,,,,,,,,,,,,
909,column,base,metal,start,new,year,deplete,inventory,,,,,,,,,,,,
910,eu,concern,green,subsidy,law,top,u,priority,u,trade,,,,,,,,,,
911,column,analyst,wary,base,metal,china,recovery,rally,,,,,,,,,,,,
912,chevron,restarts,production,wheatstone,gas,plant,,,,,,,,,,,,,,
913,liberty,steel,suspends,uk,plant,due,power,price,,,,,,,,,,,,
914,breakingviews,european,gas,saving,success,hide,darker,reality,,,,,,,,,,,,
915,simandou,iron,ore,project,restart,march,guinea,say,,,,,,,,,,,,
916,potanin,say,sanction,constrain,nornickel,force,adjust,strategy,,,,,,,,,,,,
917,eu,urge,european,bank,step,funding,critical,mineral,,,,,,,,,,,,
918,concrete,one,world,harmful,material,graphene,could,change,,,,,,,,,,,,
919,creative,vandalism,kitt,way,,,,,,,,,,,,,,,,
920,diy,capacitor,leakage,tester,professional,finish,,,,,,,,,,,,,,
921,open,hardware,automatic,spin,machine,,,,,,,,,,,,,,,
922,column,dr,copper,wait,china,china,buy,copper,,,,,,,,,,,,
923,sixpack,sauvignon,could,can,wine,help,save,planet,,,,,,,,,,,,
924,plastic,bottle,deposit,return,scheme,finally,look,set,start,england,,,,,,,,,,
925,samsung,galaxy,launch,mp,camera,big,battery,,,,,,,,,,,,,
926,robotic,acrobot,ace,move,,,,,,,,,,,,,,,,
927,jony,ive,designer,iphone,ipod,design,clown,nose,british,charity,,,,,,,,,,
928,column,china,power,sector,emission,set,jump,economy,,,,,,,,,,,,
929,unfinished,business,sport,law,rulemakers,go,far,,,,,,,,,,,,,
930,get,netzero,need,make,mining,'naturepositive,,,,,,,,,,,,,,
931,waitrose,sell,wine,can,,,,,,,,,,,,,,,,
932,diy,hidden,poker,table,built,regular,ikea,din,table,,,,,,,,,,,
933,bright,idea,use,dye,refresh,wardrobe,,,,,,,,,,,,,,
934,infinitelyadjustable,ringlightlike,poise,lamp,,,,,,,,,,,,,,,,
935,kevin,daly,design,canopy,building,weling,shadow,beneath,tree,,,,,,,,,,,
936,super,slim,filament,stand,dthursday,dprinting,,,,,,,,,,,,,,
937,keiji,ashizawa,add,blue,bottle,coffee,shop,kobe,department,store,,,,,,,,,,
938,surman,weston,nestle,geometric,pool,house,garden,surrey,home,,,,,,,,,,,
939,studio,cl,creates,santiago,apartment,building,exercise,microdensity,,,,,,,,,,,,
940,stride,treglown,pletes,site,deaf,academy,exmouth,,,,,,,,,,,,,
941,caspar,schols,take,concept,lodge,step,anna,cabin,,,,,,,,,,,,
942,caspar,schols,take,concept,lodge,step,anna,cabin,,,,,,,,,,,,
943,building,ghana,aluminium,empire,leverage,resource,infrastructure,bee,major,player,global,market,,,,,,,,
944,gsl,gallery,take,disused,parisian,factory,punk,interior,,,,,,,,,,,,
945,never,exhibition,visualises,carbon,emission,mon,material,,,,,,,,,,,,,
946,aluminium,duffel,prepares,future,,,,,,,,,,,,,,,,
947,aluminium,market,hit,usd,billion,fortune,business,insight,,,,,,,,,,,,
948,global,anodic,aluminium,oxide,wafer,market,report,increase,use,aao,nanopores,protective,layer,boost,growth,,,,,
949,mazda,want,rotaryequipped,sport,car,badly,,,,,,,,,,,,,,
950,elon,musk,charge,night,sky,,,,,,,,,,,,,,,
951,homeowner,order,rip,'high,quality',gate,instal,luxury,barn,conversion,,,,,,,,,,
952,homelab,analog,telephone,exchange,,,,,,,,,,,,,,,,
953,ready,deo,cycle,,,,,,,,,,,,,,,,,
954,individual,investor,press,metal,aluminium,holding,berhad,klsepmetal,share,private,panies,control,pany,,,,,,,
955,colombia,vp,marquez,say,security,foil,assassination,attempt,,,,,,,,,,,,
956,netherlands,emerge,key,export,destination,india,amid,jump,shipment,petroleum,product,,,,,,,,,
957,metal,fiber,market,expect,grow,usd,billion,usd,billion,greyviews,,,,,,,,,,
958,next,stop,twatt,tour,britain,fantastically,filthy,placenames,,,,,,,,,,,,
959,coil,sale,€m,previous,year,,,,,,,,,,,,,,,
960,global,anodic,aluminium,oxide,wafer,market,report,sector,reach,million,cagr,,,,,,,,,
961,aluminium,composite,panel,market,surpass,usd,billion,greyviews,,,,,,,,,,,,
962,compact,leica,cine,laser,tv,projector,brings,brand,new,realm,,,,,,,,,,
963,first,look,rimowas,new,collaboration,cult,skate,brand,palace,,,,,,,,,,,
964,look,past,present,bulgari,aluminium,watch,collection,,,,,,,,,,,,,
965,single,screen,premium,aluminium,monitor,arm,stand,officeworks,,,,,,,,,,,,
966,kuusakoski,invests,m€,meet,increase,demand,pure,recycle,metal,product,,,,,,,,,,
967,german,industry,move,past,bad,energy,crunch,battle,,,,,,,,,,,,
968,analogg,layout,wireless,qmkvia,mechanical,keyboard,,,,,,,,,,,,,,
969,south,see,shipping,delay,tie,cash,inventory,,,,,,,,,,,,,
970,need,new,story,climate,rebecca,solnit,,,,,,,,,,,,,,
971,north,american,aluminium,producers,traders,supplier,directory,researchandmarkets,,,,,,,,,,,,
972,ebay,plus,weisshorn,camp,table,roll,foldable,picnic,outdoor,deliver,ozplaza,ebay,,,,,,,,
973,invest,press,metal,aluminium,holding,berhad,klsepmetal,three,year,ago,would,deliver,gain,,,,,,,
974,make,great,lord,sauron,jealous,lotr,keyboard,,,,,,,,,,,,,
975,lian,li,galahad,mm,aio,cpu,cooler,black,deliver,pc,case,gear,,,,,,,,
976,global,aluminum,extrusion,market,forecast,grow,mn,accelerate,cagr,forecast,period,,,,,,,,,
977,china,aluminium,import,fall,low,demand,,,,,,,,,,,,,,
978,quntis,screenlinear,pro,review,bright,fortable,monitor,lightbar,,,,,,,,,,,,
979,littleknown,timebomb,every,landlord,aware,,,,,,,,,,,,,,,
980,intex,excursion,pro,k,kayak,w,aluminium,oar,delivery,onepass,catch,,,,,,,,,
981,aluminium,ssd,heatsink,pc,u,deliver,rgeek,flagship,store,aliexpress,,,,,,,,,,
982,alashi,aluminium,laptop,holder,delivery,free,prime,spend,runrong,au,via,amazon,,,,,,,,
983,corsair,vengeance,gb,xgb,mhz,cl,ddr,ram,paperback,book,deliver,amazon,u,via,au,,,,,
984,ktm,adventure,revised,new,spoked,wheel,,,,,,,,,,,,,,
985,vespa,anniversario,limited,edition,celebrates,year,rabbit,unit,produce,,,,,,,,,,,
986,bar,none,shampooconditioner,bar,shampooconditioner,concentrate,woolworth,,,,,,,,,,,,,
987,wheel,india,roll,flow,form,technology,equip,cast,alloy,wheel,,,,,,,,,,
988,mercedeseq,formula,e,team,ebike,deliver,save,n,plus,bike,,,,,,,,,,
989,lenovo,thinkbook,p,g,h,gb,ddr,gb,ssd,,rtx,gb,,k,nit,dolby,vision,del,futuregear,ebay
990,china,aluminium,output,hit,record,high,million,tonne,,,,,,,,,,,,
991,project,nsx,exterior,evolution,,,,,,,,,,,,,,,,
992,global,aluminum,flatrolled,product,frp,market,forecast,grow,bn,decelerate,cagr,forecast,period,,,,,,,
993,nile,tile,young,egyptian,battle,plastic,plague,,,,,,,,,,,,,
994,bmw,series,get,idrive,update,,,,,,,,,,,,,,,
995,aerocool,aluminium,type,c,usb,charger,ac,power,outlet,ebay,plus,deliver,harris,technology,ebay,,,,,
996,moccona,barista,reserve,latte,intensity,aluminium,capsule,deliver,subscribe,save,amazon,au,,,,,,,,
997,inflation,still,threat,–,may,pay,play,safe,,,,,,,,,,,,
998,win,worth,game,accessory,roccat,,,,,,,,,,,,,,,
999,shop,chunky,colourful,furniture,youve,see,internet,,,,,,,,,,,,,
1000,aluminium,dunkerque,relaunch,idle,capacity,,,,,,,,,,,,,,,
1001,column,power,problem,rein,global,aluminium,output,growth,,,,,,,,,,,,
1002,column,china,hike,aluminium,tariff,export,boom,already,,,,,,,,,,,,
1003,aluminium,can,cast,guitar,,,,,,,,,,,,,,,,
1004,supermarket,ditch,mini,wine,bottle,opt,vin,tin,,,,,,,,,,,,
1005,china,aluminium,output,hit,record,high,mln,tonne,,,,,,,,,,,,
1006,south,see,shipping,delay,tie,cash,inventory,,,,,,,,,,,,,
1007,alcoa,reverts,gas,fuel,alumina,refinery,western,australia,,,,,,,,,,,,
1008,india,vedanta,profit,plummet,soft,metal,price,,,,,,,,,,,,,
1009,column,base,metal,start,new,year,deplete,inventory,,,,,,,,,,,,
1010,eu,concern,green,subsidy,law,top,u,priority,u,trade,,,,,,,,,,
1011,column,analyst,wary,base,metal,china,recovery,rally,,,,,,,,,,,,
1012,chevron,restarts,production,wheatstone,gas,plant,,,,,,,,,,,,,,
1013,liberty,steel,suspends,uk,plant,due,power,price,,,,,,,,,,,,
1014,breakingviews,european,gas,saving,success,hide,darker,reality,,,,,,,,,,,,
1015,simandou,iron,ore,project,restart,march,guinea,say,,,,,,,,,,,,
1016,potanin,say,sanction,constrain,nornickel,force,adjust,strategy,,,,,,,,,,,,
1017,eu,urge,european,bank,step,funding,critical,mineral,,,,,,,,,,,,
1018,concrete,one,world,harmful,material,graphene,could,change,,,,,,,,,,,,
1019,creative,vandalism,kitt,way,,,,,,,,,,,,,,,,
1020,diy,capacitor,leakage,tester,professional,finish,,,,,,,,,,,,,,
1021,open,hardware,automatic,spin,machine,,,,,,,,,,,,,,,
1022,column,dr,copper,wait,china,china,buy,copper,,,,,,,,,,,,
1023,sixpack,sauvignon,could,can,wine,help,save,planet,,,,,,,,,,,,
1024,plastic,bottle,deposit,return,scheme,finally,look,set,start,england,,,,,,,,,,
1025,samsung,galaxy,launch,mp,camera,big,battery,,,,,,,,,,,,,
1026,robotic,acrobot,ace,move,,,,,,,,,,,,,,,,
1027,jony,ive,designer,iphone,ipod,design,clown,nose,british,charity,,,,,,,,,,
1028,column,china,power,sector,emission,set,jump,economy,,,,,,,,,,,,
1029,unfinished,business,sport,law,rulemakers,go,far,,,,,,,,,,,,,
1030,get,netzero,need,make,mining,'naturepositive,,,,,,,,,,,,,,
1031,waitrose,sell,wine,can,,,,,,,,,,,,,,,,
1032,diy,hidden,poker,table,built,regular,ikea,din,table,,,,,,,,,,,
1033,bright,idea,use,dye,refresh,wardrobe,,,,,,,,,,,,,,
1034,infinitelyadjustable,ringlightlike,poise,lamp,,,,,,,,,,,,,,,,
1035,kevin,daly,design,canopy,building,weling,shadow,beneath,tree,,,,,,,,,,,
1036,super,slim,filament,stand,dthursday,dprinting,,,,,,,,,,,,,,
1037,keiji,ashizawa,add,blue,bottle,coffee,shop,kobe,department,store,,,,,,,,,,
1038,surman,weston,nestle,geometric,pool,house,garden,surrey,home,,,,,,,,,,,
1039,studio,cl,creates,santiago,apartment,building,exercise,microdensity,,,,,,,,,,,,
1040,stride,treglown,pletes,site,deaf,academy,exmouth,,,,,,,,,,,,,
1041,caspar,schols,take,concept,lodge,step,anna,cabin,,,,,,,,,,,,
1042,caspar,schols,take,concept,lodge,step,anna,cabin,,,,,,,,,,,,
1043,building,ghana,aluminium,empire,leverage,resource,infrastructure,bee,major,player,global,market,,,,,,,,
1044,gsl,gallery,take,disused,parisian,factory,punk,interior,,,,,,,,,,,,
1045,never,exhibition,visualises,carbon,emission,mon,material,,,,,,,,,,,,,
1046,aluminium,duffel,prepares,future,,,,,,,,,,,,,,,,
1047,aluminium,market,hit,usd,billion,fortune,business,insight,,,,,,,,,,,,
1048,global,anodic,aluminium,oxide,wafer,market,report,increase,use,aao,nanopores,protective,layer,boost,growth,,,,,
1049,mazda,want,rotaryequipped,sport,car,badly,,,,,,,,,,,,,,
1050,elon,musk,charge,night,sky,,,,,,,,,,,,,,,
1051,homeowner,order,rip,'high,quality',gate,instal,luxury,barn,conversion,,,,,,,,,,
1052,homelab,analog,telephone,exchange,,,,,,,,,,,,,,,,
1053,ready,deo,cycle,,,,,,,,,,,,,,,,,
1054,individual,investor,press,metal,aluminium,holding,berhad,klsepmetal,share,private,panies,control,pany,,,,,,,
1055,colombia,vp,marquez,say,security,foil,assassination,attempt,,,,,,,,,,,,
1056,netherlands,emerge,key,export,destination,india,amid,jump,shipment,petroleum,product,,,,,,,,,
1057,metal,fiber,market,expect,grow,usd,billion,usd,billion,greyviews,,,,,,,,,,
1058,next,stop,twatt,tour,britain,fantastically,filthy,placenames,,,,,,,,,,,,
1059,coil,sale,€m,previous,year,,,,,,,,,,,,,,,
1060,global,anodic,aluminium,oxide,wafer,market,report,sector,reach,million,cagr,,,,,,,,,
1061,aluminium,composite,panel,market,surpass,usd,billion,greyviews,,,,,,,,,,,,
1062,compact,leica,cine,laser,tv,projector,brings,brand,new,realm,,,,,,,,,,
1063,first,look,rimowas,new,collaboration,cult,skate,brand,palace,,,,,,,,,,,
1064,look,past,present,bulgari,aluminium,watch,collection,,,,,,,,,,,,,
1065,single,screen,premium,aluminium,monitor,arm,stand,officeworks,,,,,,,,,,,,
1066,kuusakoski,invests,m€,meet,increase,demand,pure,recycle,metal,product,,,,,,,,,,
1067,german,industry,move,past,bad,energy,crunch,battle,,,,,,,,,,,,
1068,analogg,layout,wireless,qmkvia,mechanical,keyboard,,,,,,,,,,,,,,
1069,south,see,shipping,delay,tie,cash,inventory,,,,,,,,,,,,,
1070,need,new,story,climate,rebecca,solnit,,,,,,,,,,,,,,
1071,north,american,aluminium,producers,traders,supplier,directory,researchandmarkets,,,,,,,,,,,,
1072,ebay,plus,weisshorn,camp,table,roll,foldable,picnic,outdoor,deliver,ozplaza,ebay,,,,,,,,
1073,invest,press,metal,aluminium,holding,berhad,klsepmetal,three,year,ago,would,deliver,gain,,,,,,,
1074,make,great,lord,sauron,jealous,lotr,keyboard,,,,,,,,,,,,,
1075,lian,li,galahad,mm,aio,cpu,cooler,black,deliver,pc,case,gear,,,,,,,,
1076,global,aluminum,extrusion,market,forecast,grow,mn,accelerate,cagr,forecast,period,,,,,,,,,
1077,china,aluminium,import,fall,low,demand,,,,,,,,,,,,,,
1078,quntis,screenlinear,pro,review,bright,fortable,monitor,lightbar,,,,,,,,,,,,
1079,littleknown,timebomb,every,landlord,aware,,,,,,,,,,,,,,,
1080,intex,excursion,pro,k,kayak,w,aluminium,oar,delivery,onepass,catch,,,,,,,,,
1081,aluminium,ssd,heatsink,pc,u,deliver,rgeek,flagship,store,aliexpress,,,,,,,,,,
1082,alashi,aluminium,laptop,holder,delivery,free,prime,spend,runrong,au,via,amazon,,,,,,,,
1083,corsair,vengeance,gb,xgb,mhz,cl,ddr,ram,paperback,book,deliver,amazon,u,via,au,,,,,
1084,ktm,adventure,revised,new,spoked,wheel,,,,,,,,,,,,,,
1085,vespa,anniversario,limited,edition,celebrates,year,rabbit,unit,produce,,,,,,,,,,,
1086,bar,none,shampooconditioner,bar,shampooconditioner,concentrate,woolworth,,,,,,,,,,,,,
1087,wheel,india,roll,flow,form,technology,equip,cast,alloy,wheel,,,,,,,,,,
1088,mercedeseq,formula,e,team,ebike,deliver,save,n,plus,bike,,,,,,,,,,
1089,lenovo,thinkbook,p,g,h,gb,ddr,gb,ssd,,rtx,gb,,k,nit,dolby,vision,del,futuregear,ebay
1090,china,aluminium,output,hit,record,high,million,tonne,,,,,,,,,,,,
1091,project,nsx,exterior,evolution,,,,,,,,,,,,,,,,
1092,global,aluminum,flatrolled,product,frp,market,forecast,grow,bn,decelerate,cagr,forecast,period,,,,,,,
1093,nile,tile,young,egyptian,battle,plastic,plague,,,,,,,,,,,,,
1094,bmw,series,get,idrive,update,,,,,,,,,,,,,,,
1095,aerocool,aluminium,type,c,usb,charger,ac,power,outlet,ebay,plus,deliver,harris,technology,ebay,,,,,
1096,moccona,barista,reserve,latte,intensity,aluminium,capsule,deliver,subscribe,save,amazon,au,,,,,,,,
1097,inflation,still,threat,–,may,pay,play,safe,,,,,,,,,,,,
1098,win,worth,game,accessory,roccat,,,,,,,,,,,,,,,
1099,shop,chunky,colourful,furniture,youve,see,internet,,,,,,,,,,,,,
1100,aluminium,dunkerque,relaunch,idle,capacity,,,,,,,,,,,,,,,
1101,column,power,problem,rein,global,aluminium,output,growth,,,,,,,,,,,,
1102,column,china,hike,aluminium,tariff,export,boom,already,,,,,,,,,,,,
1103,aluminium,can,cast,guitar,,,,,,,,,,,,,,,,
1104,supermarket,ditch,mini,wine,bottle,opt,vin,tin,,,,,,,,,,,,
1105,china,aluminium,output,hit,record,high,mln,tonne,,,,,,,,,,,,
1106,south,see,shipping,delay,tie,cash,inventory,,,,,,,,,,,,,
1107,alcoa,reverts,gas,fuel,alumina,refinery,western,australia,,,,,,,,,,,,
1108,india,vedanta,profit,plummet,soft,metal,price,,,,,,,,,,,,,
1109,column,base,metal,start,new,year,deplete,inventory,,,,,,,,,,,,
1110,eu,concern,green,subsidy,law,top,u,priority,u,trade,,,,,,,,,,
1111,column,analyst,wary,base,metal,china,recovery,rally,,,,,,,,,,,,
1112,chevron,restarts,production,wheatstone,gas,plant,,,,,,,,,,,,,,
1113,liberty,steel,suspends,uk,plant,due,power,price,,,,,,,,,,,,
1114,breakingviews,european,gas,saving,success,hide,darker,reality,,,,,,,,,,,,
1115,simandou,iron,ore,project,restart,march,guinea,say,,,,,,,,,,,,
1116,potanin,say,sanction,constrain,nornickel,force,adjust,strategy,,,,,,,,,,,,
1117,eu,urge,european,bank,step,funding,critical,mineral,,,,,,,,,,,,
1118,concrete,one,world,harmful,material,graphene,could,change,,,,,,,,,,,,
1119,creative,vandalism,kitt,way,,,,,,,,,,,,,,,,
1120,diy,capacitor,leakage,tester,professional,finish,,,,,,,,,,,,,,
1121,open,hardware,automatic,spin,machine,,,,,,,,,,,,,,,
1122,column,dr,copper,wait,china,china,buy,copper,,,,,,,,,,,,
1123,sixpack,sauvignon,could,can,wine,help,save,planet,,,,,,,,,,,,
1124,plastic,bottle,deposit,return,scheme,finally,look,set,start,england,,,,,,,,,,
1125,samsung,galaxy,launch,mp,camera,big,battery,,,,,,,,,,,,,
1126,robotic,acrobot,ace,move,,,,,,,,,,,,,,,,
1127,jony,ive,designer,iphone,ipod,design,clown,nose,british,charity,,,,,,,,,,
1128,column,china,power,sector,emission,set,jump,economy,,,,,,,,,,,,
1129,unfinished,business,sport,law,rulemakers,go,far,,,,,,,,,,,,,
1130,get,netzero,need,make,mining,'naturepositive,,,,,,,,,,,,,,
1131,waitrose,sell,wine,can,,,,,,,,,,,,,,,,
1132,diy,hidden,poker,table,built,regular,ikea,din,table,,,,,,,,,,,
1133,bright,idea,use,dye,refresh,wardrobe,,,,,,,,,,,,,,
1134,infinitelyadjustable,ringlightlike,poise,lamp,,,,,,,,,,,,,,,,
1135,kevin,daly,design,canopy,building,weling,shadow,beneath,tree,,,,,,,,,,,
1136,super,slim,filament,stand,dthursday,dprinting,,,,,,,,,,,,,,
1137,keiji,ashizawa,add,blue,bottle,coffee,shop,kobe,department,store,,,,,,,,,,
1138,surman,weston,nestle,geometric,pool,house,garden,surrey,home,,,,,,,,,,,
1139,studio,cl,creates,santiago,apartment,building,exercise,microdensity,,,,,,,,,,,,
1140,stride,treglown,pletes,site,deaf,academy,exmouth,,,,,,,,,,,,,
1141,caspar,schols,take,concept,lodge,step,anna,cabin,,,,,,,,,,,,
1142,caspar,schols,take,concept,lodge,step,anna,cabin,,,,,,,,,,,,
1143,building,ghana,aluminium,empire,leverage,resource,infrastructure,bee,major,player,global,market,,,,,,,,
1144,gsl,gallery,take,disused,parisian,factory,punk,interior,,,,,,,,,,,,
1145,never,exhibition,visualises,carbon,emission,mon,material,,,,,,,,,,,,,
1146,aluminium,duffel,prepares,future,,,,,,,,,,,,,,,,
1147,aluminium,market,hit,usd,billion,fortune,business,insight,,,,,,,,,,,,
1148,global,anodic,aluminium,oxide,wafer,market,report,increase,use,aao,nanopores,protective,layer,boost,growth,,,,,
1149,mazda,want,rotaryequipped,sport,car,badly,,,,,,,,,,,,,,
1150,elon,musk,charge,night,sky,,,,,,,,,,,,,,,
1151,homeowner,order,rip,'high,quality',gate,instal,luxury,barn,conversion,,,,,,,,,,
1152,homelab,analog,telephone,exchange,,,,,,,,,,,,,,,,
1153,ready,deo,cycle,,,,,,,,,,,,,,,,,
1154,individual,investor,press,metal,aluminium,holding,berhad,klsepmetal,share,private,panies,control,pany,,,,,,,
1155,colombia,vp,marquez,say,security,foil,assassination,attempt,,,,,,,,,,,,
1156,netherlands,emerge,key,export,destination,india,amid,jump,shipment,petroleum,product,,,,,,,,,
1157,metal,fiber,market,expect,grow,usd,billion,usd,billion,greyviews,,,,,,,,,,
1158,next,stop,twatt,tour,britain,fantastically,filthy,placenames,,,,,,,,,,,,
1159,coil,sale,€m,previous,year,,,,,,,,,,,,,,,
1160,global,anodic,aluminium,oxide,wafer,market,report,sector,reach,million,cagr,,,,,,,,,
1161,aluminium,composite,panel,market,surpass,usd,billion,greyviews,,,,,,,,,,,,
1162,compact,leica,cine,laser,tv,projector,brings,brand,new,realm,,,,,,,,,,
1163,first,look,rimowas,new,collaboration,cult,skate,brand,palace,,,,,,,,,,,
1164,look,past,present,bulgari,aluminium,watch,collection,,,,,,,,,,,,,
1165,single,screen,premium,aluminium,monitor,arm,stand,officeworks,,,,,,,,,,,,
1166,kuusakoski,invests,m€,meet,increase,demand,pure,recycle,metal,product,,,,,,,,,,
1167,german,industry,move,past,bad,energy,crunch,battle,,,,,,,,,,,,
1168,analogg,layout,wireless,qmkvia,mechanical,keyboard,,,,,,,,,,,,,,
1169,south,see,shipping,delay,tie,cash,inventory,,,,,,,,,,,,,
1170,need,new,story,climate,rebecca,solnit,,,,,,,,,,,,,,
1171,north,american,aluminium,producers,traders,supplier,directory,researchandmarkets,,,,,,,,,,,,
1172,ebay,plus,weisshorn,camp,table,roll,foldable,picnic,outdoor,deliver,ozplaza,ebay,,,,,,,,
1173,invest,press,metal,aluminium,holding,berhad,klsepmetal,three,year,ago,would,deliver,gain,,,,,,,
1174,make,great,lord,sauron,jealous,lotr,keyboard,,,,,,,,,,,,,
1175,lian,li,galahad,mm,aio,cpu,cooler,black,deliver,pc,case,gear,,,,,,,,
1176,global,aluminum,extrusion,market,forecast,grow,mn,accelerate,cagr,forecast,period,,,,,,,,,
1177,china,aluminium,import,fall,low,demand,,,,,,,,,,,,,,
1178,quntis,screenlinear,pro,review,bright,fortable,monitor,lightbar,,,,,,,,,,,,
1179,littleknown,timebomb,every,landlord,aware,,,,,,,,,,,,,,,
1180,intex,excursion,pro,k,kayak,w,aluminium,oar,delivery,onepass,catch,,,,,,,,,
1181,aluminium,ssd,heatsink,pc,u,deliver,rgeek,flagship,store,aliexpress,,,,,,,,,,
1182,alashi,aluminium,laptop,holder,delivery,free,prime,spend,runrong,au,via,amazon,,,,,,,,
1183,corsair,vengeance,gb,xgb,mhz,cl,ddr,ram,paperback,book,deliver,amazon,u,via,au,,,,,
1184,ktm,adventure,revised,new,spoked,wheel,,,,,,,,,,,,,,
1185,vespa,anniversario,limited,edition,celebrates,year,rabbit,unit,produce,,,,,,,,,,,
1186,bar,none,shampooconditioner,bar,shampooconditioner,concentrate,woolworth,,,,,,,,,,,,,
1187,wheel,india,roll,flow,form,technology,equip,cast,alloy,wheel,,,,,,,,,,
1188,mercedeseq,formula,e,team,ebike,deliver,save,n,plus,bike,,,,,,,,,,
1189,lenovo,thinkbook,p,g,h,gb,ddr,gb,ssd,,rtx,gb,,k,nit,dolby,vision,del,futuregear,ebay
1190,china,aluminium,output,hit,record,high,million,tonne,,,,,,,,,,,,
1191,project,nsx,exterior,evolution,,,,,,,,,,,,,,,,
1192,global,aluminum,flatrolled,product,frp,market,forecast,grow,bn,decelerate,cagr,forecast,period,,,,,,,
1193,nile,tile,young,egyptian,battle,plastic,plague,,,,,,,,,,,,,
1194,bmw,series,get,idrive,update,,,,,,,,,,,,,,,
1195,aerocool,aluminium,type,c,usb,charger,ac,power,outlet,ebay,plus,deliver,harris,technology,ebay,,,,,
1196,moccona,barista,reserve,latte,intensity,aluminium,capsule,deliver,subscribe,save,amazon,au,,,,,,,,
1197,inflation,still,threat,–,may,pay,play,safe,,,,,,,,,,,,
1198,win,worth,game,accessory,roccat,,,,,,,,,,,,,,,
1199,shop,chunky,colourful,furniture,youve,see,internet,,,,,,,,,,,,,
1200,aluminium,dunkerque,relaunch,idle,capacity,,,,,,,,,,,,,,,
1201,column,power,problem,rein,global,aluminium,output,growth,,,,,,,,,,,,
1202,column,china,hike,aluminium,tariff,export,boom,already,,,,,,,,,,,,
1203,aluminium,can,cast,guitar,,,,,,,,,,,,,,,,
1204,supermarket,ditch,mini,wine,bottle,opt,vin,tin,,,,,,,,,,,,
1205,china,aluminium,output,hit,record,high,mln,tonne,,,,,,,,,,,,
1206,south,see,shipping,delay,tie,cash,inventory,,,,,,,,,,,,,
1207,alcoa,reverts,gas,fuel,alumina,refinery,western,australia,,,,,,,,,,,,
1208,india,vedanta,profit,plummet,soft,metal,price,,,,,,,,,,,,,
1209,column,base,metal,start,new,year,deplete,inventory,,,,,,,,,,,,
1210,eu,concern,green,subsidy,law,top,u,priority,u,trade,,,,,,,,,,
1211,column,analyst,wary,base,metal,china,recovery,rally,,,,,,,,,,,,
1212,chevron,restarts,production,wheatstone,gas,plant,,,,,,,,,,,,,,
1213,liberty,steel,suspends,uk,plant,due,power,price,,,,,,,,,,,,
1214,breakingviews,european,gas,saving,success,hide,darker,reality,,,,,,,,,,,,
1215,simandou,iron,ore,project,restart,march,guinea,say,,,,,,,,,,,,
1216,potanin,say,sanction,constrain,nornickel,force,adjust,strategy,,,,,,,,,,,,
1217,eu,urge,european,bank,step,funding,critical,mineral,,,,,,,,,,,,
1218,concrete,one,world,harmful,material,graphene,could,change,,,,,,,,,,,,
1219,creative,vandalism,kitt,way,,,,,,,,,,,,,,,,
1220,diy,capacitor,leakage,tester,professional,finish,,,,,,,,,,,,,,
1221,open,hardware,automatic,spin,machine,,,,,,,,,,,,,,,
1222,column,dr,copper,wait,china,china,buy,copper,,,,,,,,,,,,
1223,sixpack,sauvignon,could,can,wine,help,save,planet,,,,,,,,,,,,
1224,plastic,bottle,deposit,return,scheme,finally,look,set,start,england,,,,,,,,,,
1225,samsung,galaxy,launch,mp,camera,big,battery,,,,,,,,,,,,,
1226,robotic,acrobot,ace,move,,,,,,,,,,,,,,,,
1227,jony,ive,designer,iphone,ipod,design,clown,nose,british,charity,,,,,,,,,,
1228,column,china,power,sector,emission,set,jump,economy,,,,,,,,,,,,
1229,unfinished,business,sport,law,rulemakers,go,far,,,,,,,,,,,,,
1230,get,netzero,need,make,mining,'naturepositive,,,,,,,,,,,,,,
1231,waitrose,sell,wine,can,,,,,,,,,,,,,,,,
1232,diy,hidden,poker,table,built,regular,ikea,din,table,,,,,,,,,,,
1233,bright,idea,use,dye,refresh,wardrobe,,,,,,,,,,,,,,
1234,infinitelyadjustable,ringlightlike,poise,lamp,,,,,,,,,,,,,,,,
1235,kevin,daly,design,canopy,building,weling,shadow,beneath,tree,,,,,,,,,,,
1236,super,slim,filament,stand,dthursday,dprinting,,,,,,,,,,,,,,
1237,keiji,ashizawa,add,blue,bottle,coffee,shop,kobe,department,store,,,,,,,,,,
1238,surman,weston,nestle,geometric,pool,house,garden,surrey,home,,,,,,,,,,,
1239,studio,cl,creates,santiago,apartment,building,exercise,microdensity,,,,,,,,,,,,
1240,stride,treglown,pletes,site,deaf,academy,exmouth,,,,,,,,,,,,,
1241,caspar,schols,take,concept,lodge,step,anna,cabin,,,,,,,,,,,,
1242,caspar,schols,take,concept,lodge,step,anna,cabin,,,,,,,,,,,,
1243,building,ghana,aluminium,empire,leverage,resource,infrastructure,bee,major,player,global,market,,,,,,,,
1244,gsl,gallery,take,disused,parisian,factory,punk,interior,,,,,,,,,,,,
1245,never,exhibition,visualises,carbon,emission,mon,material,,,,,,,,,,,,,
1246,aluminium,duffel,prepares,future,,,,,,,,,,,,,,,,
1247,aluminium,market,hit,usd,billion,fortune,business,insight,,,,,,,,,,,,
1248,global,anodic,aluminium,oxide,wafer,market,report,increase,use,aao,nanopores,protective,layer,boost,growth,,,,,
1249,mazda,want,rotaryequipped,sport,car,badly,,,,,,,,,,,,,,
1250,elon,musk,charge,night,sky,,,,,,,,,,,,,,,
1251,homeowner,order,rip,'high,quality',gate,instal,luxury,barn,conversion,,,,,,,,,,
1252,homelab,analog,telephone,exchange,,,,,,,,,,,,,,,,
1253,ready,deo,cycle,,,,,,,,,,,,,,,,,
1254,individual,investor,press,metal,aluminium,holding,berhad,klsepmetal,share,private,panies,control,pany,,,,,,,
1255,colombia,vp,marquez,say,security,foil,assassination,attempt,,,,,,,,,,,,
1256,netherlands,emerge,key,export,destination,india,amid,jump,shipment,petroleum,product,,,,,,,,,
1257,metal,fiber,market,expect,grow,usd,billion,usd,billion,greyviews,,,,,,,,,,
1258,next,stop,twatt,tour,britain,fantastically,filthy,placenames,,,,,,,,,,,,
1259,coil,sale,€m,previous,year,,,,,,,,,,,,,,,
1260,global,anodic,aluminium,oxide,wafer,market,report,sector,reach,million,cagr,,,,,,,,,
1261,aluminium,composite,panel,market,surpass,usd,billion,greyviews,,,,,,,,,,,,
1262,compact,leica,cine,laser,tv,projector,brings,brand,new,realm,,,,,,,,,,
1263,first,look,rimowas,new,collaboration,cult,skate,brand,palace,,,,,,,,,,,
1264,look,past,present,bulgari,aluminium,watch,collection,,,,,,,,,,,,,
1265,single,screen,premium,aluminium,monitor,arm,stand,officeworks,,,,,,,,,,,,
1266,kuusakoski,invests,m€,meet,increase,demand,pure,recycle,metal,product,,,,,,,,,,
1267,german,industry,move,past,bad,energy,crunch,battle,,,,,,,,,,,,
1268,analogg,layout,wireless,qmkvia,mechanical,keyboard,,,,,,,,,,,,,,
1269,south,see,shipping,delay,tie,cash,inventory,,,,,,,,,,,,,
1270,need,new,story,climate,rebecca,solnit,,,,,,,,,,,,,,
1271,north,american,aluminium,producers,traders,supplier,directory,researchandmarkets,,,,,,,,,,,,
1272,ebay,plus,weisshorn,camp,table,roll,foldable,picnic,outdoor,deliver,ozplaza,ebay,,,,,,,,
1273,invest,press,metal,aluminium,holding,berhad,klsepmetal,three,year,ago,would,deliver,gain,,,,,,,
1274,make,great,lord,sauron,jealous,lotr,keyboard,,,,,,,,,,,,,
1275,lian,li,galahad,mm,aio,cpu,cooler,black,deliver,pc,case,gear,,,,,,,,
1276,global,aluminum,extrusion,market,forecast,grow,mn,accelerate,cagr,forecast,period,,,,,,,,,
1277,china,aluminium,import,fall,low,demand,,,,,,,,,,,,,,
1278,quntis,screenlinear,pro,review,bright,fortable,monitor,lightbar,,,,,,,,,,,,
1279,littleknown,timebomb,every,landlord,aware,,,,,,,,,,,,,,,
1280,intex,excursion,pro,k,kayak,w,aluminium,oar,delivery,onepass,catch,,,,,,,,,
1281,aluminium,ssd,heatsink,pc,u,deliver,rgeek,flagship,store,aliexpress,,,,,,,,,,
1282,alashi,aluminium,laptop,holder,delivery,free,prime,spend,runrong,au,via,amazon,,,,,,,,
1283,corsair,vengeance,gb,xgb,mhz,cl,ddr,ram,paperback,book,deliver,amazon,u,via,au,,,,,
1284,ktm,adventure,revised,new,spoked,wheel,,,,,,,,,,,,,,
1285,vespa,anniversario,limited,edition,celebrates,year,rabbit,unit,produce,,,,,,,,,,,
1286,bar,none,shampooconditioner,bar,shampooconditioner,concentrate,woolworth,,,,,,,,,,,,,
1287,wheel,india,roll,flow,form,technology,equip,cast,alloy,wheel,,,,,,,,,,
1288,mercedeseq,formula,e,team,ebike,deliver,save,n,plus,bike,,,,,,,,,,
1289,lenovo,thinkbook,p,g,h,gb,ddr,gb,ssd,,rtx,gb,,k,nit,dolby,vision,del,futuregear,ebay
1290,china,aluminium,output,hit,record,high,million,tonne,,,,,,,,,,,,
1291,project,nsx,exterior,evolution,,,,,,,,,,,,,,,,
1292,global,aluminum,flatrolled,product,frp,market,forecast,grow,bn,decelerate,cagr,forecast,period,,,,,,,
1293,nile,tile,young,egyptian,battle,plastic,plague,,,,,,,,,,,,,
1294,bmw,series,get,idrive,update,,,,,,,,,,,,,,,
1295,aerocool,aluminium,type,c,usb,charger,ac,power,outlet,ebay,plus,deliver,harris,technology,ebay,,,,,
1296,moccona,barista,reserve,latte,intensity,aluminium,capsule,deliver,subscribe,save,amazon,au,,,,,,,,
1297,inflation,still,threat,–,may,pay,play,safe,,,,,,,,,,,,
1298,win,worth,game,accessory,roccat,,,,,,,,,,,,,,,
1299,shop,chunky,colourful,furniture,youve,see,internet,,,,,,,,,,,,,
